"source_sheet","source_cell","records_with_same_source_cell","duplicate_flag"
"COMPARATIVO","AA10",1,FALSE
"COMPARATIVO","AA11",1,FALSE
"COMPARATIVO","AA12",1,FALSE
"COMPARATIVO","AA13",1,FALSE
"COMPARATIVO","AA3",1,FALSE
"COMPARATIVO","AA4",1,FALSE
"COMPARATIVO","AA5",1,FALSE
"COMPARATIVO","AA6",1,FALSE
"COMPARATIVO","AA7",1,FALSE
"COMPARATIVO","AA8",1,FALSE
"COMPARATIVO","AA9",1,FALSE
"COMPARATIVO","AB10",1,FALSE
"COMPARATIVO","AB11",1,FALSE
"COMPARATIVO","AB12",1,FALSE
"COMPARATIVO","AB13",1,FALSE
"COMPARATIVO","AB3",1,FALSE
"COMPARATIVO","AB4",1,FALSE
"COMPARATIVO","AB5",1,FALSE
"COMPARATIVO","AB6",1,FALSE
"COMPARATIVO","AB7",1,FALSE
"COMPARATIVO","AB8",1,FALSE
"COMPARATIVO","AB9",1,FALSE
"COMPARATIVO","AC10",1,FALSE
"COMPARATIVO","AC11",1,FALSE
"COMPARATIVO","AC12",1,FALSE
"COMPARATIVO","AC13",1,FALSE
"AVALIA<U+00C7><U+00C3>O ECON<U+00D4>MICA","AC14",1,FALSE
"AVALIA<U+00C7><U+00C3>O ECON<U+00D4>MICA","AC15",1,FALSE
"AVALIA<U+00C7><U+00C3>O ECON<U+00D4>MICA","AC16",1,FALSE
"AVALIA<U+00C7><U+00C3>O ECON<U+00D4>MICA","AC17",1,FALSE
"AVALIA<U+00C7><U+00C3>O ECON<U+00D4>MICA","AC18",1,FALSE
"AVALIA<U+00C7><U+00C3>O ECON<U+00D4>MICA","AC19",1,FALSE
"AVALIA<U+00C7><U+00C3>O ECON<U+00D4>MICA","AC20",1,FALSE
"AVALIA<U+00C7><U+00C3>O ECON<U+00D4>MICA","AC21",1,FALSE
"AVALIA<U+00C7><U+00C3>O ECON<U+00D4>MICA","AC22",1,FALSE
"AVALIA<U+00C7><U+00C3>O ECON<U+00D4>MICA","AC23",1,FALSE
"AVALIA<U+00C7><U+00C3>O ECON<U+00D4>MICA","AC24",1,FALSE
"AVALIA<U+00C7><U+00C3>O ECON<U+00D4>MICA","AC25",1,FALSE
"AVALIA<U+00C7><U+00C3>O ECON<U+00D4>MICA","AC26",1,FALSE
"AVALIA<U+00C7><U+00C3>O ECON<U+00D4>MICA","AC27",1,FALSE
"AVALIA<U+00C7><U+00C3>O ECON<U+00D4>MICA","AC28",1,FALSE
"AVALIA<U+00C7><U+00C3>O ECON<U+00D4>MICA","AC29",1,FALSE
"COMPARATIVO","AC3",1,FALSE
"AVALIA<U+00C7><U+00C3>O ECON<U+00D4>MICA","AC33",1,FALSE
"AVALIA<U+00C7><U+00C3>O ECON<U+00D4>MICA","AC34",1,FALSE
"AVALIA<U+00C7><U+00C3>O ECON<U+00D4>MICA","AC35",1,FALSE
"AVALIA<U+00C7><U+00C3>O ECON<U+00D4>MICA","AC36",1,FALSE
"AVALIA<U+00C7><U+00C3>O ECON<U+00D4>MICA","AC37",1,FALSE
"AVALIA<U+00C7><U+00C3>O ECON<U+00D4>MICA","AC38",1,FALSE
"AVALIA<U+00C7><U+00C3>O ECON<U+00D4>MICA","AC39",1,FALSE
"COMPARATIVO","AC4",1,FALSE
"AVALIA<U+00C7><U+00C3>O ECON<U+00D4>MICA","AC40",1,FALSE
"AVALIA<U+00C7><U+00C3>O ECON<U+00D4>MICA","AC41",1,FALSE
"AVALIA<U+00C7><U+00C3>O ECON<U+00D4>MICA","AC43",1,FALSE
"COMPARATIVO","AC5",1,FALSE
"COMPARATIVO","AC6",1,FALSE
"COMPARATIVO","AC7",1,FALSE
"COMPARATIVO","AC8",1,FALSE
"COMPARATIVO","AC9",1,FALSE
"COMPARATIVO","AD10",1,FALSE
"COMPARATIVO","AD11",1,FALSE
"COMPARATIVO","AD12",1,FALSE
"COMPARATIVO","AD13",1,FALSE
"COMPARATIVO","AD3",1,FALSE
"COMPARATIVO","AD4",1,FALSE
"COMPARATIVO","AD5",1,FALSE
"COMPARATIVO","AD6",1,FALSE
"COMPARATIVO","AD7",1,FALSE
"COMPARATIVO","AD8",1,FALSE
"COMPARATIVO","AD9",1,FALSE
"COMPARATIVO","AE10",1,FALSE
"COMPARATIVO","AE11",1,FALSE
"COMPARATIVO","AE12",1,FALSE
"COMPARATIVO","AE13",1,FALSE
"COMPARATIVO","AE3",1,FALSE
"COMPARATIVO","AE4",1,FALSE
"COMPARATIVO","AE5",1,FALSE
"COMPARATIVO","AE6",1,FALSE
"COMPARATIVO","AE7",1,FALSE
"COMPARATIVO","AE8",1,FALSE
"COMPARATIVO","AE9",1,FALSE
"COMPARATIVO","AF10",1,FALSE
"COMPARATIVO","AF11",1,FALSE
"COMPARATIVO","AF12",1,FALSE
"COMPARATIVO","AF13",1,FALSE
"AVALIA<U+00C7><U+00C3>O ECON<U+00D4>MICA","AF14",1,FALSE
"AVALIA<U+00C7><U+00C3>O ECON<U+00D4>MICA","AF15",1,FALSE
"AVALIA<U+00C7><U+00C3>O ECON<U+00D4>MICA","AF16",1,FALSE
"AVALIA<U+00C7><U+00C3>O ECON<U+00D4>MICA","AF17",1,FALSE
"AVALIA<U+00C7><U+00C3>O ECON<U+00D4>MICA","AF18",1,FALSE
"AVALIA<U+00C7><U+00C3>O ECON<U+00D4>MICA","AF19",1,FALSE
"AVALIA<U+00C7><U+00C3>O ECON<U+00D4>MICA","AF20",1,FALSE
"AVALIA<U+00C7><U+00C3>O ECON<U+00D4>MICA","AF21",1,FALSE
"AVALIA<U+00C7><U+00C3>O ECON<U+00D4>MICA","AF22",1,FALSE
"AVALIA<U+00C7><U+00C3>O ECON<U+00D4>MICA","AF23",1,FALSE
"AVALIA<U+00C7><U+00C3>O ECON<U+00D4>MICA","AF24",1,FALSE
"AVALIA<U+00C7><U+00C3>O ECON<U+00D4>MICA","AF25",1,FALSE
"AVALIA<U+00C7><U+00C3>O ECON<U+00D4>MICA","AF26",1,FALSE
"AVALIA<U+00C7><U+00C3>O ECON<U+00D4>MICA","AF27",1,FALSE
"AVALIA<U+00C7><U+00C3>O ECON<U+00D4>MICA","AF28",1,FALSE
"AVALIA<U+00C7><U+00C3>O ECON<U+00D4>MICA","AF29",1,FALSE
"COMPARATIVO","AF3",1,FALSE
"AVALIA<U+00C7><U+00C3>O ECON<U+00D4>MICA","AF33",1,FALSE
"AVALIA<U+00C7><U+00C3>O ECON<U+00D4>MICA","AF34",1,FALSE
"AVALIA<U+00C7><U+00C3>O ECON<U+00D4>MICA","AF35",1,FALSE
"AVALIA<U+00C7><U+00C3>O ECON<U+00D4>MICA","AF36",1,FALSE
"AVALIA<U+00C7><U+00C3>O ECON<U+00D4>MICA","AF37",1,FALSE
"AVALIA<U+00C7><U+00C3>O ECON<U+00D4>MICA","AF38",1,FALSE
"AVALIA<U+00C7><U+00C3>O ECON<U+00D4>MICA","AF39",1,FALSE
"COMPARATIVO","AF4",1,FALSE
"AVALIA<U+00C7><U+00C3>O ECON<U+00D4>MICA","AF40",1,FALSE
"AVALIA<U+00C7><U+00C3>O ECON<U+00D4>MICA","AF41",1,FALSE
"AVALIA<U+00C7><U+00C3>O ECON<U+00D4>MICA","AF43",1,FALSE
"COMPARATIVO","AF5",1,FALSE
"COMPARATIVO","AF6",1,FALSE
"COMPARATIVO","AF7",1,FALSE
"COMPARATIVO","AF8",1,FALSE
"COMPARATIVO","AF9",1,FALSE
"AVALIA<U+00C7><U+00C3>O ECON<U+00D4>MICA","AI14",1,FALSE
"AVALIA<U+00C7><U+00C3>O ECON<U+00D4>MICA","AI15",1,FALSE
"AVALIA<U+00C7><U+00C3>O ECON<U+00D4>MICA","AI16",1,FALSE
"AVALIA<U+00C7><U+00C3>O ECON<U+00D4>MICA","AI17",1,FALSE
"AVALIA<U+00C7><U+00C3>O ECON<U+00D4>MICA","AI18",1,FALSE
"AVALIA<U+00C7><U+00C3>O ECON<U+00D4>MICA","AI19",1,FALSE
"AVALIA<U+00C7><U+00C3>O ECON<U+00D4>MICA","AI20",1,FALSE
"AVALIA<U+00C7><U+00C3>O ECON<U+00D4>MICA","AI21",1,FALSE
"AVALIA<U+00C7><U+00C3>O ECON<U+00D4>MICA","AI22",1,FALSE
"AVALIA<U+00C7><U+00C3>O ECON<U+00D4>MICA","AI23",1,FALSE
"AVALIA<U+00C7><U+00C3>O ECON<U+00D4>MICA","AI24",1,FALSE
"AVALIA<U+00C7><U+00C3>O ECON<U+00D4>MICA","AI25",1,FALSE
"AVALIA<U+00C7><U+00C3>O ECON<U+00D4>MICA","AI26",1,FALSE
"AVALIA<U+00C7><U+00C3>O ECON<U+00D4>MICA","AI27",1,FALSE
"AVALIA<U+00C7><U+00C3>O ECON<U+00D4>MICA","AI28",1,FALSE
"AVALIA<U+00C7><U+00C3>O ECON<U+00D4>MICA","AI29",1,FALSE
"AVALIA<U+00C7><U+00C3>O ECON<U+00D4>MICA","AI33",1,FALSE
"AVALIA<U+00C7><U+00C3>O ECON<U+00D4>MICA","AI34",1,FALSE
"AVALIA<U+00C7><U+00C3>O ECON<U+00D4>MICA","AI35",1,FALSE
"AVALIA<U+00C7><U+00C3>O ECON<U+00D4>MICA","AI36",1,FALSE
"AVALIA<U+00C7><U+00C3>O ECON<U+00D4>MICA","AI37",1,FALSE
"AVALIA<U+00C7><U+00C3>O ECON<U+00D4>MICA","AI38",1,FALSE
"AVALIA<U+00C7><U+00C3>O ECON<U+00D4>MICA","AI39",1,FALSE
"AVALIA<U+00C7><U+00C3>O ECON<U+00D4>MICA","AI40",1,FALSE
"AVALIA<U+00C7><U+00C3>O ECON<U+00D4>MICA","AI41",1,FALSE
"AVALIA<U+00C7><U+00C3>O ECON<U+00D4>MICA","AI43",1,FALSE
"COMPARATIVO","B10",1,FALSE
"COMPARATIVO","B11",1,FALSE
"COMPARATIVO","B12",1,FALSE
"COMPARATIVO","B13",1,FALSE
"COMPARATIVO","B3",1,FALSE
"COMPARATIVO","B4",1,FALSE
"COMPARATIVO","B5",1,FALSE
"COMPARATIVO","B6",1,FALSE
"COMPARATIVO","B7",1,FALSE
"COMPARATIVO","B8",1,FALSE
"COMPARATIVO","B9",1,FALSE
"COMPARATIVO","C10",1,FALSE
"COMPARATIVO","C11",1,FALSE
"COMPARATIVO","C12",1,FALSE
"COMPARATIVO","C13",1,FALSE
"COMPARATIVO","C3",1,FALSE
"COMPARATIVO","C4",1,FALSE
"COMPARATIVO","C5",1,FALSE
"COMPARATIVO","C6",1,FALSE
"COMPARATIVO","C7",1,FALSE
"COMPARATIVO","C8",1,FALSE
"COMPARATIVO","C9",1,FALSE
"COMPARATIVO","D10",1,FALSE
"COMPARATIVO","D11",1,FALSE
"COMPARATIVO","D12",1,FALSE
"COMPARATIVO","D13",1,FALSE
"COMPARATIVO","D3",1,FALSE
"COMPARATIVO","D4",1,FALSE
"COMPARATIVO","D5",1,FALSE
"COMPARATIVO","D6",1,FALSE
"COMPARATIVO","D7",1,FALSE
"COMPARATIVO","D8",1,FALSE
"COMPARATIVO","D9",1,FALSE
"COMPARATIVO","E10",1,FALSE
"COMPARATIVO","E11",1,FALSE
"COMPARATIVO","E12",1,FALSE
"COMPARATIVO","E13",1,FALSE
"AVALIA<U+00C7><U+00C3>O ECON<U+00D4>MICA","E14",1,FALSE
"AVALIA<U+00C7><U+00C3>O ECON<U+00D4>MICA","E15",1,FALSE
"AVALIA<U+00C7><U+00C3>O ECON<U+00D4>MICA","E16",1,FALSE
"AVALIA<U+00C7><U+00C3>O ECON<U+00D4>MICA","E17",1,FALSE
"AVALIA<U+00C7><U+00C3>O ECON<U+00D4>MICA","E18",1,FALSE
"AVALIA<U+00C7><U+00C3>O ECON<U+00D4>MICA","E19",1,FALSE
"AVALIA<U+00C7><U+00C3>O ECON<U+00D4>MICA","E20",1,FALSE
"AVALIA<U+00C7><U+00C3>O ECON<U+00D4>MICA","E21",1,FALSE
"AVALIA<U+00C7><U+00C3>O ECON<U+00D4>MICA","E22",1,FALSE
"AVALIA<U+00C7><U+00C3>O ECON<U+00D4>MICA","E23",1,FALSE
"AVALIA<U+00C7><U+00C3>O ECON<U+00D4>MICA","E24",1,FALSE
"AVALIA<U+00C7><U+00C3>O ECON<U+00D4>MICA","E25",1,FALSE
"AVALIA<U+00C7><U+00C3>O ECON<U+00D4>MICA","E26",1,FALSE
"AVALIA<U+00C7><U+00C3>O ECON<U+00D4>MICA","E27",1,FALSE
"AVALIA<U+00C7><U+00C3>O ECON<U+00D4>MICA","E28",1,FALSE
"AVALIA<U+00C7><U+00C3>O ECON<U+00D4>MICA","E29",1,FALSE
"COMPARATIVO","E3",1,FALSE
"AVALIA<U+00C7><U+00C3>O ECON<U+00D4>MICA","E33",1,FALSE
"AVALIA<U+00C7><U+00C3>O ECON<U+00D4>MICA","E34",1,FALSE
"AVALIA<U+00C7><U+00C3>O ECON<U+00D4>MICA","E35",1,FALSE
"AVALIA<U+00C7><U+00C3>O ECON<U+00D4>MICA","E36",1,FALSE
"AVALIA<U+00C7><U+00C3>O ECON<U+00D4>MICA","E37",1,FALSE
"AVALIA<U+00C7><U+00C3>O ECON<U+00D4>MICA","E38",1,FALSE
"AVALIA<U+00C7><U+00C3>O ECON<U+00D4>MICA","E39",1,FALSE
"COMPARATIVO","E4",1,FALSE
"AVALIA<U+00C7><U+00C3>O ECON<U+00D4>MICA","E40",1,FALSE
"AVALIA<U+00C7><U+00C3>O ECON<U+00D4>MICA","E41",1,FALSE
"AVALIA<U+00C7><U+00C3>O ECON<U+00D4>MICA","E43",1,FALSE
"COMPARATIVO","E5",1,FALSE
"COMPARATIVO","E6",1,FALSE
"COMPARATIVO","E7",1,FALSE
"COMPARATIVO","E8",1,FALSE
"COMPARATIVO","E9",1,FALSE
"AN<U+00C1>LISE EMULS<U+00D5>ES","F10",1,FALSE
"AN<U+00C1>LISE USINABILIDADE","F10",1,FALSE
"COMPARATIVO","F10",1,FALSE
"AN<U+00C1>LISE EMULS<U+00D5>ES","F11",1,FALSE
"AN<U+00C1>LISE USINABILIDADE","F11",1,FALSE
"COMPARATIVO","F11",1,FALSE
"AN<U+00C1>LISE EMULS<U+00D5>ES","F12",1,FALSE
"AN<U+00C1>LISE USINABILIDADE","F12",1,FALSE
"COMPARATIVO","F12",1,FALSE
"AN<U+00C1>LISE EMULS<U+00D5>ES","F13",1,FALSE
"AN<U+00C1>LISE USINABILIDADE","F13",1,FALSE
"COMPARATIVO","F13",1,FALSE
"AN<U+00C1>LISE EMULS<U+00D5>ES","F14",1,FALSE
"AN<U+00C1>LISE USINABILIDADE","F14",1,FALSE
"AN<U+00C1>LISE EMULS<U+00D5>ES","F15",1,FALSE
"AN<U+00C1>LISE USINABILIDADE","F15",1,FALSE
"AN<U+00C1>LISE EMULS<U+00D5>ES","F16",1,FALSE
"AN<U+00C1>LISE USINABILIDADE","F16",1,FALSE
"AN<U+00C1>LISE EMULS<U+00D5>ES","F17",1,FALSE
"AN<U+00C1>LISE USINABILIDADE","F17",1,FALSE
"AN<U+00C1>LISE EMULS<U+00D5>ES","F18",1,FALSE
"AN<U+00C1>LISE USINABILIDADE","F18",1,FALSE
"AN<U+00C1>LISE EMULS<U+00D5>ES","F19",1,FALSE
"AN<U+00C1>LISE USINABILIDADE","F19",1,FALSE
"AN<U+00C1>LISE EMULS<U+00D5>ES","F20",1,FALSE
"AN<U+00C1>LISE EMULS<U+00D5>ES","F21",1,FALSE
"AN<U+00C1>LISE EMULS<U+00D5>ES","F22",1,FALSE
"AN<U+00C1>LISE EMULS<U+00D5>ES","F23",1,FALSE
"AN<U+00C1>LISE EMULS<U+00D5>ES","F24",1,FALSE
"COMPARATIVO","F3",1,FALSE
"AN<U+00C1>LISE EMULS<U+00D5>ES","F4",1,FALSE
"AN<U+00C1>LISE USINABILIDADE","F4",1,FALSE
"COMPARATIVO","F4",1,FALSE
"AN<U+00C1>LISE EMULS<U+00D5>ES","F5",1,FALSE
"AN<U+00C1>LISE USINABILIDADE","F5",1,FALSE
"COMPARATIVO","F5",1,FALSE
"AN<U+00C1>LISE EMULS<U+00D5>ES","F6",1,FALSE
"AN<U+00C1>LISE USINABILIDADE","F6",1,FALSE
"COMPARATIVO","F6",1,FALSE
"AN<U+00C1>LISE EMULS<U+00D5>ES","F7",1,FALSE
"AN<U+00C1>LISE USINABILIDADE","F7",1,FALSE
"COMPARATIVO","F7",1,FALSE
"AN<U+00C1>LISE EMULS<U+00D5>ES","F8",1,FALSE
"AN<U+00C1>LISE USINABILIDADE","F8",1,FALSE
"COMPARATIVO","F8",1,FALSE
"AN<U+00C1>LISE EMULS<U+00D5>ES","F9",1,FALSE
"AN<U+00C1>LISE USINABILIDADE","F9",1,FALSE
"COMPARATIVO","F9",1,FALSE
"AN<U+00C1>LISE EMULS<U+00D5>ES","G10",1,FALSE
"AN<U+00C1>LISE USINABILIDADE","G10",1,FALSE
"COMPARATIVO","G10",1,FALSE
"AN<U+00C1>LISE EMULS<U+00D5>ES","G11",1,FALSE
"AN<U+00C1>LISE USINABILIDADE","G11",1,FALSE
"COMPARATIVO","G11",1,FALSE
"AN<U+00C1>LISE EMULS<U+00D5>ES","G12",1,FALSE
"AN<U+00C1>LISE USINABILIDADE","G12",1,FALSE
"COMPARATIVO","G12",1,FALSE
"AN<U+00C1>LISE EMULS<U+00D5>ES","G13",1,FALSE
"AN<U+00C1>LISE USINABILIDADE","G13",1,FALSE
"COMPARATIVO","G13",1,FALSE
"AN<U+00C1>LISE EMULS<U+00D5>ES","G14",1,FALSE
"AN<U+00C1>LISE USINABILIDADE","G14",1,FALSE
"AN<U+00C1>LISE EMULS<U+00D5>ES","G15",1,FALSE
"AN<U+00C1>LISE USINABILIDADE","G15",1,FALSE
"AN<U+00C1>LISE EMULS<U+00D5>ES","G16",1,FALSE
"AN<U+00C1>LISE USINABILIDADE","G16",1,FALSE
"AN<U+00C1>LISE EMULS<U+00D5>ES","G17",1,FALSE
"AN<U+00C1>LISE USINABILIDADE","G17",1,FALSE
"AN<U+00C1>LISE EMULS<U+00D5>ES","G18",1,FALSE
"AN<U+00C1>LISE USINABILIDADE","G18",1,FALSE
"AN<U+00C1>LISE EMULS<U+00D5>ES","G19",1,FALSE
"AN<U+00C1>LISE USINABILIDADE","G19",1,FALSE
"AN<U+00C1>LISE EMULS<U+00D5>ES","G20",1,FALSE
"AN<U+00C1>LISE EMULS<U+00D5>ES","G21",1,FALSE
"AN<U+00C1>LISE EMULS<U+00D5>ES","G22",1,FALSE
"AN<U+00C1>LISE EMULS<U+00D5>ES","G23",1,FALSE
"AN<U+00C1>LISE EMULS<U+00D5>ES","G24",1,FALSE
"COMPARATIVO","G3",1,FALSE
"AN<U+00C1>LISE EMULS<U+00D5>ES","G4",1,FALSE
"AN<U+00C1>LISE USINABILIDADE","G4",1,FALSE
"COMPARATIVO","G4",1,FALSE
"AN<U+00C1>LISE EMULS<U+00D5>ES","G5",1,FALSE
"AN<U+00C1>LISE USINABILIDADE","G5",1,FALSE
"COMPARATIVO","G5",1,FALSE
"AN<U+00C1>LISE EMULS<U+00D5>ES","G6",1,FALSE
"AN<U+00C1>LISE USINABILIDADE","G6",1,FALSE
"COMPARATIVO","G6",1,FALSE
"AN<U+00C1>LISE EMULS<U+00D5>ES","G7",1,FALSE
"AN<U+00C1>LISE USINABILIDADE","G7",1,FALSE
"COMPARATIVO","G7",1,FALSE
"AN<U+00C1>LISE EMULS<U+00D5>ES","G8",1,FALSE
"AN<U+00C1>LISE USINABILIDADE","G8",1,FALSE
"COMPARATIVO","G8",1,FALSE
"AN<U+00C1>LISE EMULS<U+00D5>ES","G9",1,FALSE
"AN<U+00C1>LISE USINABILIDADE","G9",1,FALSE
"COMPARATIVO","G9",1,FALSE
"AN<U+00C1>LISE EMULS<U+00D5>ES","H10",1,FALSE
"AN<U+00C1>LISE USINABILIDADE","H10",1,FALSE
"COMPARATIVO","H10",1,FALSE
"AN<U+00C1>LISE EMULS<U+00D5>ES","H11",1,FALSE
"AN<U+00C1>LISE USINABILIDADE","H11",1,FALSE
"COMPARATIVO","H11",1,FALSE
"AN<U+00C1>LISE EMULS<U+00D5>ES","H12",1,FALSE
"AN<U+00C1>LISE USINABILIDADE","H12",1,FALSE
"COMPARATIVO","H12",1,FALSE
"AN<U+00C1>LISE EMULS<U+00D5>ES","H13",1,FALSE
"AN<U+00C1>LISE USINABILIDADE","H13",1,FALSE
"COMPARATIVO","H13",1,FALSE
"AN<U+00C1>LISE EMULS<U+00D5>ES","H14",1,FALSE
"AN<U+00C1>LISE USINABILIDADE","H14",1,FALSE
"AVALIA<U+00C7><U+00C3>O ECON<U+00D4>MICA","H14",1,FALSE
"AN<U+00C1>LISE EMULS<U+00D5>ES","H15",1,FALSE
"AN<U+00C1>LISE USINABILIDADE","H15",1,FALSE
"AVALIA<U+00C7><U+00C3>O ECON<U+00D4>MICA","H15",1,FALSE
"AN<U+00C1>LISE EMULS<U+00D5>ES","H16",1,FALSE
"AN<U+00C1>LISE USINABILIDADE","H16",1,FALSE
"AVALIA<U+00C7><U+00C3>O ECON<U+00D4>MICA","H16",1,FALSE
"AN<U+00C1>LISE EMULS<U+00D5>ES","H17",1,FALSE
"AN<U+00C1>LISE USINABILIDADE","H17",1,FALSE
"AVALIA<U+00C7><U+00C3>O ECON<U+00D4>MICA","H17",1,FALSE
"AN<U+00C1>LISE EMULS<U+00D5>ES","H18",1,FALSE
"AN<U+00C1>LISE USINABILIDADE","H18",1,FALSE
"AVALIA<U+00C7><U+00C3>O ECON<U+00D4>MICA","H18",1,FALSE
"AN<U+00C1>LISE EMULS<U+00D5>ES","H19",1,FALSE
"AN<U+00C1>LISE USINABILIDADE","H19",1,FALSE
"AVALIA<U+00C7><U+00C3>O ECON<U+00D4>MICA","H19",1,FALSE
"AN<U+00C1>LISE EMULS<U+00D5>ES","H20",1,FALSE
"AVALIA<U+00C7><U+00C3>O ECON<U+00D4>MICA","H20",1,FALSE
"AN<U+00C1>LISE EMULS<U+00D5>ES","H21",1,FALSE
"AVALIA<U+00C7><U+00C3>O ECON<U+00D4>MICA","H21",1,FALSE
"AN<U+00C1>LISE EMULS<U+00D5>ES","H22",1,FALSE
"AVALIA<U+00C7><U+00C3>O ECON<U+00D4>MICA","H22",1,FALSE
"AN<U+00C1>LISE EMULS<U+00D5>ES","H23",1,FALSE
"AVALIA<U+00C7><U+00C3>O ECON<U+00D4>MICA","H23",1,FALSE
"AN<U+00C1>LISE EMULS<U+00D5>ES","H24",1,FALSE
"AVALIA<U+00C7><U+00C3>O ECON<U+00D4>MICA","H24",1,FALSE
"AVALIA<U+00C7><U+00C3>O ECON<U+00D4>MICA","H25",1,FALSE
"AVALIA<U+00C7><U+00C3>O ECON<U+00D4>MICA","H26",1,FALSE
"AVALIA<U+00C7><U+00C3>O ECON<U+00D4>MICA","H27",1,FALSE
"AVALIA<U+00C7><U+00C3>O ECON<U+00D4>MICA","H28",1,FALSE
"AVALIA<U+00C7><U+00C3>O ECON<U+00D4>MICA","H29",1,FALSE
"COMPARATIVO","H3",1,FALSE
"AVALIA<U+00C7><U+00C3>O ECON<U+00D4>MICA","H33",1,FALSE
"AVALIA<U+00C7><U+00C3>O ECON<U+00D4>MICA","H34",1,FALSE
"AVALIA<U+00C7><U+00C3>O ECON<U+00D4>MICA","H35",1,FALSE
"AVALIA<U+00C7><U+00C3>O ECON<U+00D4>MICA","H36",1,FALSE
"AVALIA<U+00C7><U+00C3>O ECON<U+00D4>MICA","H37",1,FALSE
"AVALIA<U+00C7><U+00C3>O ECON<U+00D4>MICA","H38",1,FALSE
"AVALIA<U+00C7><U+00C3>O ECON<U+00D4>MICA","H39",1,FALSE
"AN<U+00C1>LISE EMULS<U+00D5>ES","H4",1,FALSE
"AN<U+00C1>LISE USINABILIDADE","H4",1,FALSE
"COMPARATIVO","H4",1,FALSE
"AVALIA<U+00C7><U+00C3>O ECON<U+00D4>MICA","H40",1,FALSE
"AVALIA<U+00C7><U+00C3>O ECON<U+00D4>MICA","H41",1,FALSE
"AVALIA<U+00C7><U+00C3>O ECON<U+00D4>MICA","H43",1,FALSE
"AN<U+00C1>LISE EMULS<U+00D5>ES","H5",1,FALSE
"AN<U+00C1>LISE USINABILIDADE","H5",1,FALSE
"COMPARATIVO","H5",1,FALSE
"AN<U+00C1>LISE EMULS<U+00D5>ES","H6",1,FALSE
"AN<U+00C1>LISE USINABILIDADE","H6",1,FALSE
"COMPARATIVO","H6",1,FALSE
"AN<U+00C1>LISE EMULS<U+00D5>ES","H7",1,FALSE
"AN<U+00C1>LISE USINABILIDADE","H7",1,FALSE
"COMPARATIVO","H7",1,FALSE
"AN<U+00C1>LISE EMULS<U+00D5>ES","H8",1,FALSE
"AN<U+00C1>LISE USINABILIDADE","H8",1,FALSE
"COMPARATIVO","H8",1,FALSE
"AN<U+00C1>LISE EMULS<U+00D5>ES","H9",1,FALSE
"AN<U+00C1>LISE USINABILIDADE","H9",1,FALSE
"COMPARATIVO","H9",1,FALSE
"AN<U+00C1>LISE EMULS<U+00D5>ES","I10",1,FALSE
"AN<U+00C1>LISE USINABILIDADE","I10",1,FALSE
"COMPARATIVO","I10",1,FALSE
"AN<U+00C1>LISE EMULS<U+00D5>ES","I11",1,FALSE
"AN<U+00C1>LISE USINABILIDADE","I11",1,FALSE
"COMPARATIVO","I11",1,FALSE
"AN<U+00C1>LISE EMULS<U+00D5>ES","I12",1,FALSE
"AN<U+00C1>LISE USINABILIDADE","I12",1,FALSE
"COMPARATIVO","I12",1,FALSE
"AN<U+00C1>LISE EMULS<U+00D5>ES","I13",1,FALSE
"AN<U+00C1>LISE USINABILIDADE","I13",1,FALSE
"COMPARATIVO","I13",1,FALSE
"AN<U+00C1>LISE EMULS<U+00D5>ES","I14",1,FALSE
"AN<U+00C1>LISE USINABILIDADE","I14",1,FALSE
"AN<U+00C1>LISE EMULS<U+00D5>ES","I15",1,FALSE
"AN<U+00C1>LISE USINABILIDADE","I15",1,FALSE
"AN<U+00C1>LISE EMULS<U+00D5>ES","I16",1,FALSE
"AN<U+00C1>LISE USINABILIDADE","I16",1,FALSE
"AN<U+00C1>LISE EMULS<U+00D5>ES","I17",1,FALSE
"AN<U+00C1>LISE USINABILIDADE","I17",1,FALSE
"AN<U+00C1>LISE EMULS<U+00D5>ES","I18",1,FALSE
"AN<U+00C1>LISE USINABILIDADE","I18",1,FALSE
"AN<U+00C1>LISE EMULS<U+00D5>ES","I19",1,FALSE
"AN<U+00C1>LISE USINABILIDADE","I19",1,FALSE
"AN<U+00C1>LISE EMULS<U+00D5>ES","I20",1,FALSE
"AN<U+00C1>LISE EMULS<U+00D5>ES","I21",1,FALSE
"AN<U+00C1>LISE EMULS<U+00D5>ES","I22",1,FALSE
"AN<U+00C1>LISE EMULS<U+00D5>ES","I23",1,FALSE
"AN<U+00C1>LISE EMULS<U+00D5>ES","I24",1,FALSE
"COMPARATIVO","I3",1,FALSE
"AN<U+00C1>LISE EMULS<U+00D5>ES","I4",1,FALSE
"AN<U+00C1>LISE USINABILIDADE","I4",1,FALSE
"COMPARATIVO","I4",1,FALSE
"AN<U+00C1>LISE EMULS<U+00D5>ES","I5",1,FALSE
"AN<U+00C1>LISE USINABILIDADE","I5",1,FALSE
"COMPARATIVO","I5",1,FALSE
"AN<U+00C1>LISE EMULS<U+00D5>ES","I6",1,FALSE
"AN<U+00C1>LISE USINABILIDADE","I6",1,FALSE
"COMPARATIVO","I6",1,FALSE
"AN<U+00C1>LISE EMULS<U+00D5>ES","I7",1,FALSE
"AN<U+00C1>LISE USINABILIDADE","I7",1,FALSE
"COMPARATIVO","I7",1,FALSE
"AN<U+00C1>LISE EMULS<U+00D5>ES","I8",1,FALSE
"AN<U+00C1>LISE USINABILIDADE","I8",1,FALSE
"COMPARATIVO","I8",1,FALSE
"AN<U+00C1>LISE EMULS<U+00D5>ES","I9",1,FALSE
"AN<U+00C1>LISE USINABILIDADE","I9",1,FALSE
"COMPARATIVO","I9",1,FALSE
"AN<U+00C1>LISE EMULS<U+00D5>ES","J10",1,FALSE
"AN<U+00C1>LISE USINABILIDADE","J10",1,FALSE
"COMPARATIVO","J10",1,FALSE
"AN<U+00C1>LISE EMULS<U+00D5>ES","J11",1,FALSE
"AN<U+00C1>LISE USINABILIDADE","J11",1,FALSE
"COMPARATIVO","J11",1,FALSE
"AN<U+00C1>LISE EMULS<U+00D5>ES","J12",1,FALSE
"AN<U+00C1>LISE USINABILIDADE","J12",1,FALSE
"COMPARATIVO","J12",1,FALSE
"AN<U+00C1>LISE EMULS<U+00D5>ES","J13",1,FALSE
"AN<U+00C1>LISE USINABILIDADE","J13",1,FALSE
"COMPARATIVO","J13",1,FALSE
"AN<U+00C1>LISE EMULS<U+00D5>ES","J14",1,FALSE
"AN<U+00C1>LISE USINABILIDADE","J14",1,FALSE
"AN<U+00C1>LISE EMULS<U+00D5>ES","J15",1,FALSE
"AN<U+00C1>LISE USINABILIDADE","J15",1,FALSE
"AN<U+00C1>LISE EMULS<U+00D5>ES","J16",1,FALSE
"AN<U+00C1>LISE USINABILIDADE","J16",1,FALSE
"AN<U+00C1>LISE EMULS<U+00D5>ES","J17",1,FALSE
"AN<U+00C1>LISE USINABILIDADE","J17",1,FALSE
"AN<U+00C1>LISE EMULS<U+00D5>ES","J18",1,FALSE
"AN<U+00C1>LISE USINABILIDADE","J18",1,FALSE
"AN<U+00C1>LISE EMULS<U+00D5>ES","J19",1,FALSE
"AN<U+00C1>LISE USINABILIDADE","J19",1,FALSE
"AN<U+00C1>LISE EMULS<U+00D5>ES","J20",1,FALSE
"AN<U+00C1>LISE EMULS<U+00D5>ES","J21",1,FALSE
"AN<U+00C1>LISE EMULS<U+00D5>ES","J22",1,FALSE
"AN<U+00C1>LISE EMULS<U+00D5>ES","J23",1,FALSE
"AN<U+00C1>LISE EMULS<U+00D5>ES","J24",1,FALSE
"COMPARATIVO","J3",1,FALSE
"AN<U+00C1>LISE EMULS<U+00D5>ES","J4",1,FALSE
"AN<U+00C1>LISE USINABILIDADE","J4",1,FALSE
"COMPARATIVO","J4",1,FALSE
"AN<U+00C1>LISE EMULS<U+00D5>ES","J5",1,FALSE
"AN<U+00C1>LISE USINABILIDADE","J5",1,FALSE
"COMPARATIVO","J5",1,FALSE
"AN<U+00C1>LISE EMULS<U+00D5>ES","J6",1,FALSE
"AN<U+00C1>LISE USINABILIDADE","J6",1,FALSE
"COMPARATIVO","J6",1,FALSE
"AN<U+00C1>LISE EMULS<U+00D5>ES","J7",1,FALSE
"AN<U+00C1>LISE USINABILIDADE","J7",1,FALSE
"COMPARATIVO","J7",1,FALSE
"AN<U+00C1>LISE EMULS<U+00D5>ES","J8",1,FALSE
"AN<U+00C1>LISE USINABILIDADE","J8",1,FALSE
"COMPARATIVO","J8",1,FALSE
"AN<U+00C1>LISE EMULS<U+00D5>ES","J9",1,FALSE
"AN<U+00C1>LISE USINABILIDADE","J9",1,FALSE
"COMPARATIVO","J9",1,FALSE
"AN<U+00C1>LISE EMULS<U+00D5>ES","K10",1,FALSE
"AN<U+00C1>LISE USINABILIDADE","K10",1,FALSE
"COMPARATIVO","K10",1,FALSE
"AN<U+00C1>LISE EMULS<U+00D5>ES","K11",1,FALSE
"AN<U+00C1>LISE USINABILIDADE","K11",1,FALSE
"COMPARATIVO","K11",1,FALSE
"AN<U+00C1>LISE EMULS<U+00D5>ES","K12",1,FALSE
"AN<U+00C1>LISE USINABILIDADE","K12",1,FALSE
"COMPARATIVO","K12",1,FALSE
"AN<U+00C1>LISE EMULS<U+00D5>ES","K13",1,FALSE
"AN<U+00C1>LISE USINABILIDADE","K13",1,FALSE
"COMPARATIVO","K13",1,FALSE
"AN<U+00C1>LISE EMULS<U+00D5>ES","K14",1,FALSE
"AN<U+00C1>LISE USINABILIDADE","K14",1,FALSE
"AVALIA<U+00C7><U+00C3>O ECON<U+00D4>MICA","K14",1,FALSE
"AN<U+00C1>LISE EMULS<U+00D5>ES","K15",1,FALSE
"AN<U+00C1>LISE USINABILIDADE","K15",1,FALSE
"AVALIA<U+00C7><U+00C3>O ECON<U+00D4>MICA","K15",1,FALSE
"AN<U+00C1>LISE EMULS<U+00D5>ES","K16",1,FALSE
"AN<U+00C1>LISE USINABILIDADE","K16",1,FALSE
"AVALIA<U+00C7><U+00C3>O ECON<U+00D4>MICA","K16",1,FALSE
"AN<U+00C1>LISE EMULS<U+00D5>ES","K17",1,FALSE
"AN<U+00C1>LISE USINABILIDADE","K17",1,FALSE
"AVALIA<U+00C7><U+00C3>O ECON<U+00D4>MICA","K17",1,FALSE
"AN<U+00C1>LISE EMULS<U+00D5>ES","K18",1,FALSE
"AN<U+00C1>LISE USINABILIDADE","K18",1,FALSE
"AVALIA<U+00C7><U+00C3>O ECON<U+00D4>MICA","K18",1,FALSE
"AN<U+00C1>LISE EMULS<U+00D5>ES","K19",1,FALSE
"AN<U+00C1>LISE USINABILIDADE","K19",1,FALSE
"AVALIA<U+00C7><U+00C3>O ECON<U+00D4>MICA","K19",1,FALSE
"AN<U+00C1>LISE EMULS<U+00D5>ES","K20",1,FALSE
"AVALIA<U+00C7><U+00C3>O ECON<U+00D4>MICA","K20",1,FALSE
"AN<U+00C1>LISE EMULS<U+00D5>ES","K21",1,FALSE
"AVALIA<U+00C7><U+00C3>O ECON<U+00D4>MICA","K21",1,FALSE
"AN<U+00C1>LISE EMULS<U+00D5>ES","K22",1,FALSE
"AVALIA<U+00C7><U+00C3>O ECON<U+00D4>MICA","K22",1,FALSE
"AN<U+00C1>LISE EMULS<U+00D5>ES","K23",1,FALSE
"AVALIA<U+00C7><U+00C3>O ECON<U+00D4>MICA","K23",1,FALSE
"AN<U+00C1>LISE EMULS<U+00D5>ES","K24",1,FALSE
"AVALIA<U+00C7><U+00C3>O ECON<U+00D4>MICA","K24",1,FALSE
"AVALIA<U+00C7><U+00C3>O ECON<U+00D4>MICA","K25",1,FALSE
"AVALIA<U+00C7><U+00C3>O ECON<U+00D4>MICA","K26",1,FALSE
"AVALIA<U+00C7><U+00C3>O ECON<U+00D4>MICA","K27",1,FALSE
"AVALIA<U+00C7><U+00C3>O ECON<U+00D4>MICA","K28",1,FALSE
"AVALIA<U+00C7><U+00C3>O ECON<U+00D4>MICA","K29",1,FALSE
"COMPARATIVO","K3",1,FALSE
"AVALIA<U+00C7><U+00C3>O ECON<U+00D4>MICA","K33",1,FALSE
"AVALIA<U+00C7><U+00C3>O ECON<U+00D4>MICA","K34",1,FALSE
"AVALIA<U+00C7><U+00C3>O ECON<U+00D4>MICA","K35",1,FALSE
"AVALIA<U+00C7><U+00C3>O ECON<U+00D4>MICA","K36",1,FALSE
"AVALIA<U+00C7><U+00C3>O ECON<U+00D4>MICA","K37",1,FALSE
"AVALIA<U+00C7><U+00C3>O ECON<U+00D4>MICA","K38",1,FALSE
"AVALIA<U+00C7><U+00C3>O ECON<U+00D4>MICA","K39",1,FALSE
"AN<U+00C1>LISE EMULS<U+00D5>ES","K4",1,FALSE
"AN<U+00C1>LISE USINABILIDADE","K4",1,FALSE
"COMPARATIVO","K4",1,FALSE
"AVALIA<U+00C7><U+00C3>O ECON<U+00D4>MICA","K40",1,FALSE
"AVALIA<U+00C7><U+00C3>O ECON<U+00D4>MICA","K41",1,FALSE
"AVALIA<U+00C7><U+00C3>O ECON<U+00D4>MICA","K43",1,FALSE
"AN<U+00C1>LISE EMULS<U+00D5>ES","K5",1,FALSE
"AN<U+00C1>LISE USINABILIDADE","K5",1,FALSE
"COMPARATIVO","K5",1,FALSE
"AN<U+00C1>LISE EMULS<U+00D5>ES","K6",1,FALSE
"AN<U+00C1>LISE USINABILIDADE","K6",1,FALSE
"COMPARATIVO","K6",1,FALSE
"AN<U+00C1>LISE EMULS<U+00D5>ES","K7",1,FALSE
"AN<U+00C1>LISE USINABILIDADE","K7",1,FALSE
"COMPARATIVO","K7",1,FALSE
"AN<U+00C1>LISE EMULS<U+00D5>ES","K8",1,FALSE
"AN<U+00C1>LISE USINABILIDADE","K8",1,FALSE
"COMPARATIVO","K8",1,FALSE
"AN<U+00C1>LISE EMULS<U+00D5>ES","K9",1,FALSE
"AN<U+00C1>LISE USINABILIDADE","K9",1,FALSE
"COMPARATIVO","K9",1,FALSE
"AN<U+00C1>LISE EMULS<U+00D5>ES","L10",1,FALSE
"AN<U+00C1>LISE USINABILIDADE","L10",1,FALSE
"COMPARATIVO","L10",1,FALSE
"AN<U+00C1>LISE EMULS<U+00D5>ES","L11",1,FALSE
"AN<U+00C1>LISE USINABILIDADE","L11",1,FALSE
"COMPARATIVO","L11",1,FALSE
"AN<U+00C1>LISE EMULS<U+00D5>ES","L12",1,FALSE
"AN<U+00C1>LISE USINABILIDADE","L12",1,FALSE
"COMPARATIVO","L12",1,FALSE
"AN<U+00C1>LISE EMULS<U+00D5>ES","L13",1,FALSE
"AN<U+00C1>LISE USINABILIDADE","L13",1,FALSE
"COMPARATIVO","L13",1,FALSE
"AN<U+00C1>LISE EMULS<U+00D5>ES","L14",1,FALSE
"AN<U+00C1>LISE USINABILIDADE","L14",1,FALSE
"AN<U+00C1>LISE EMULS<U+00D5>ES","L15",1,FALSE
"AN<U+00C1>LISE USINABILIDADE","L15",1,FALSE
"AN<U+00C1>LISE EMULS<U+00D5>ES","L16",1,FALSE
"AN<U+00C1>LISE USINABILIDADE","L16",1,FALSE
"AN<U+00C1>LISE EMULS<U+00D5>ES","L17",1,FALSE
"AN<U+00C1>LISE USINABILIDADE","L17",1,FALSE
"AN<U+00C1>LISE EMULS<U+00D5>ES","L18",1,FALSE
"AN<U+00C1>LISE USINABILIDADE","L18",1,FALSE
"AN<U+00C1>LISE EMULS<U+00D5>ES","L19",1,FALSE
"AN<U+00C1>LISE USINABILIDADE","L19",1,FALSE
"AN<U+00C1>LISE EMULS<U+00D5>ES","L20",1,FALSE
"AN<U+00C1>LISE EMULS<U+00D5>ES","L21",1,FALSE
"AN<U+00C1>LISE EMULS<U+00D5>ES","L22",1,FALSE
"AN<U+00C1>LISE EMULS<U+00D5>ES","L23",1,FALSE
"AN<U+00C1>LISE EMULS<U+00D5>ES","L24",1,FALSE
"COMPARATIVO","L3",1,FALSE
"AN<U+00C1>LISE EMULS<U+00D5>ES","L4",1,FALSE
"AN<U+00C1>LISE USINABILIDADE","L4",1,FALSE
"COMPARATIVO","L4",1,FALSE
"AN<U+00C1>LISE EMULS<U+00D5>ES","L5",1,FALSE
"AN<U+00C1>LISE USINABILIDADE","L5",1,FALSE
"COMPARATIVO","L5",1,FALSE
"AN<U+00C1>LISE EMULS<U+00D5>ES","L6",1,FALSE
"AN<U+00C1>LISE USINABILIDADE","L6",1,FALSE
"COMPARATIVO","L6",1,FALSE
"AN<U+00C1>LISE EMULS<U+00D5>ES","L7",1,FALSE
"AN<U+00C1>LISE USINABILIDADE","L7",1,FALSE
"COMPARATIVO","L7",1,FALSE
"AN<U+00C1>LISE EMULS<U+00D5>ES","L8",1,FALSE
"AN<U+00C1>LISE USINABILIDADE","L8",1,FALSE
"COMPARATIVO","L8",1,FALSE
"AN<U+00C1>LISE EMULS<U+00D5>ES","L9",1,FALSE
"AN<U+00C1>LISE USINABILIDADE","L9",1,FALSE
"COMPARATIVO","L9",1,FALSE
"AN<U+00C1>LISE EMULS<U+00D5>ES","M10",1,FALSE
"AN<U+00C1>LISE USINABILIDADE","M10",1,FALSE
"COMPARATIVO","M10",1,FALSE
"AN<U+00C1>LISE EMULS<U+00D5>ES","M11",1,FALSE
"AN<U+00C1>LISE USINABILIDADE","M11",1,FALSE
"COMPARATIVO","M11",1,FALSE
"AN<U+00C1>LISE EMULS<U+00D5>ES","M12",1,FALSE
"AN<U+00C1>LISE USINABILIDADE","M12",1,FALSE
"COMPARATIVO","M12",1,FALSE
"AN<U+00C1>LISE EMULS<U+00D5>ES","M13",1,FALSE
"AN<U+00C1>LISE USINABILIDADE","M13",1,FALSE
"COMPARATIVO","M13",1,FALSE
"AN<U+00C1>LISE EMULS<U+00D5>ES","M14",1,FALSE
"AN<U+00C1>LISE USINABILIDADE","M14",1,FALSE
"AN<U+00C1>LISE EMULS<U+00D5>ES","M15",1,FALSE
"AN<U+00C1>LISE USINABILIDADE","M15",1,FALSE
"AN<U+00C1>LISE EMULS<U+00D5>ES","M16",1,FALSE
"AN<U+00C1>LISE USINABILIDADE","M16",1,FALSE
"AN<U+00C1>LISE EMULS<U+00D5>ES","M17",1,FALSE
"AN<U+00C1>LISE USINABILIDADE","M17",1,FALSE
"AN<U+00C1>LISE EMULS<U+00D5>ES","M18",1,FALSE
"AN<U+00C1>LISE USINABILIDADE","M18",1,FALSE
"AN<U+00C1>LISE EMULS<U+00D5>ES","M19",1,FALSE
"AN<U+00C1>LISE USINABILIDADE","M19",1,FALSE
"AN<U+00C1>LISE EMULS<U+00D5>ES","M20",1,FALSE
"AN<U+00C1>LISE EMULS<U+00D5>ES","M21",1,FALSE
"AN<U+00C1>LISE EMULS<U+00D5>ES","M22",1,FALSE
"AN<U+00C1>LISE EMULS<U+00D5>ES","M23",1,FALSE
"AN<U+00C1>LISE EMULS<U+00D5>ES","M24",1,FALSE
"COMPARATIVO","M3",1,FALSE
"AN<U+00C1>LISE EMULS<U+00D5>ES","M4",1,FALSE
"AN<U+00C1>LISE USINABILIDADE","M4",1,FALSE
"COMPARATIVO","M4",1,FALSE
"AN<U+00C1>LISE EMULS<U+00D5>ES","M5",1,FALSE
"AN<U+00C1>LISE USINABILIDADE","M5",1,FALSE
"COMPARATIVO","M5",1,FALSE
"AN<U+00C1>LISE EMULS<U+00D5>ES","M6",1,FALSE
"AN<U+00C1>LISE USINABILIDADE","M6",1,FALSE
"COMPARATIVO","M6",1,FALSE
"AN<U+00C1>LISE EMULS<U+00D5>ES","M7",1,FALSE
"AN<U+00C1>LISE USINABILIDADE","M7",1,FALSE
"COMPARATIVO","M7",1,FALSE
"AN<U+00C1>LISE EMULS<U+00D5>ES","M8",1,FALSE
"AN<U+00C1>LISE USINABILIDADE","M8",1,FALSE
"COMPARATIVO","M8",1,FALSE
"AN<U+00C1>LISE EMULS<U+00D5>ES","M9",1,FALSE
"AN<U+00C1>LISE USINABILIDADE","M9",1,FALSE
"COMPARATIVO","M9",1,FALSE
"AN<U+00C1>LISE EMULS<U+00D5>ES","N10",1,FALSE
"AN<U+00C1>LISE USINABILIDADE","N10",1,FALSE
"COMPARATIVO","N10",1,FALSE
"AN<U+00C1>LISE EMULS<U+00D5>ES","N11",1,FALSE
"AN<U+00C1>LISE USINABILIDADE","N11",1,FALSE
"COMPARATIVO","N11",1,FALSE
"AN<U+00C1>LISE EMULS<U+00D5>ES","N12",1,FALSE
"AN<U+00C1>LISE USINABILIDADE","N12",1,FALSE
"COMPARATIVO","N12",1,FALSE
"AN<U+00C1>LISE EMULS<U+00D5>ES","N13",1,FALSE
"AN<U+00C1>LISE USINABILIDADE","N13",1,FALSE
"COMPARATIVO","N13",1,FALSE
"AN<U+00C1>LISE EMULS<U+00D5>ES","N14",1,FALSE
"AN<U+00C1>LISE USINABILIDADE","N14",1,FALSE
"AVALIA<U+00C7><U+00C3>O ECON<U+00D4>MICA","N14",1,FALSE
"AN<U+00C1>LISE EMULS<U+00D5>ES","N15",1,FALSE
"AN<U+00C1>LISE USINABILIDADE","N15",1,FALSE
"AVALIA<U+00C7><U+00C3>O ECON<U+00D4>MICA","N15",1,FALSE
"AN<U+00C1>LISE EMULS<U+00D5>ES","N16",1,FALSE
"AN<U+00C1>LISE USINABILIDADE","N16",1,FALSE
"AVALIA<U+00C7><U+00C3>O ECON<U+00D4>MICA","N16",1,FALSE
"AN<U+00C1>LISE EMULS<U+00D5>ES","N17",1,FALSE
"AN<U+00C1>LISE USINABILIDADE","N17",1,FALSE
"AVALIA<U+00C7><U+00C3>O ECON<U+00D4>MICA","N17",1,FALSE
"AN<U+00C1>LISE EMULS<U+00D5>ES","N18",1,FALSE
"AN<U+00C1>LISE USINABILIDADE","N18",1,FALSE
"AVALIA<U+00C7><U+00C3>O ECON<U+00D4>MICA","N18",1,FALSE
"AN<U+00C1>LISE EMULS<U+00D5>ES","N19",1,FALSE
"AN<U+00C1>LISE USINABILIDADE","N19",1,FALSE
"AVALIA<U+00C7><U+00C3>O ECON<U+00D4>MICA","N19",1,FALSE
"AN<U+00C1>LISE EMULS<U+00D5>ES","N20",1,FALSE
"AVALIA<U+00C7><U+00C3>O ECON<U+00D4>MICA","N20",1,FALSE
"AN<U+00C1>LISE EMULS<U+00D5>ES","N21",1,FALSE
"AVALIA<U+00C7><U+00C3>O ECON<U+00D4>MICA","N21",1,FALSE
"AN<U+00C1>LISE EMULS<U+00D5>ES","N22",1,FALSE
"AVALIA<U+00C7><U+00C3>O ECON<U+00D4>MICA","N22",1,FALSE
"AN<U+00C1>LISE EMULS<U+00D5>ES","N23",1,FALSE
"AVALIA<U+00C7><U+00C3>O ECON<U+00D4>MICA","N23",1,FALSE
"AN<U+00C1>LISE EMULS<U+00D5>ES","N24",1,FALSE
"AVALIA<U+00C7><U+00C3>O ECON<U+00D4>MICA","N24",1,FALSE
"AVALIA<U+00C7><U+00C3>O ECON<U+00D4>MICA","N25",1,FALSE
"AVALIA<U+00C7><U+00C3>O ECON<U+00D4>MICA","N26",1,FALSE
"AVALIA<U+00C7><U+00C3>O ECON<U+00D4>MICA","N27",1,FALSE
"AVALIA<U+00C7><U+00C3>O ECON<U+00D4>MICA","N28",1,FALSE
"AVALIA<U+00C7><U+00C3>O ECON<U+00D4>MICA","N29",1,FALSE
"COMPARATIVO","N3",1,FALSE
"AVALIA<U+00C7><U+00C3>O ECON<U+00D4>MICA","N33",1,FALSE
"AVALIA<U+00C7><U+00C3>O ECON<U+00D4>MICA","N34",1,FALSE
"AVALIA<U+00C7><U+00C3>O ECON<U+00D4>MICA","N35",1,FALSE
"AVALIA<U+00C7><U+00C3>O ECON<U+00D4>MICA","N36",1,FALSE
"AVALIA<U+00C7><U+00C3>O ECON<U+00D4>MICA","N37",1,FALSE
"AVALIA<U+00C7><U+00C3>O ECON<U+00D4>MICA","N38",1,FALSE
"AVALIA<U+00C7><U+00C3>O ECON<U+00D4>MICA","N39",1,FALSE
"AN<U+00C1>LISE EMULS<U+00D5>ES","N4",1,FALSE
"AN<U+00C1>LISE USINABILIDADE","N4",1,FALSE
"COMPARATIVO","N4",1,FALSE
"AVALIA<U+00C7><U+00C3>O ECON<U+00D4>MICA","N40",1,FALSE
"AVALIA<U+00C7><U+00C3>O ECON<U+00D4>MICA","N41",1,FALSE
"AVALIA<U+00C7><U+00C3>O ECON<U+00D4>MICA","N43",1,FALSE
"AN<U+00C1>LISE EMULS<U+00D5>ES","N5",1,FALSE
"AN<U+00C1>LISE USINABILIDADE","N5",1,FALSE
"COMPARATIVO","N5",1,FALSE
"AN<U+00C1>LISE EMULS<U+00D5>ES","N6",1,FALSE
"AN<U+00C1>LISE USINABILIDADE","N6",1,FALSE
"COMPARATIVO","N6",1,FALSE
"AN<U+00C1>LISE EMULS<U+00D5>ES","N7",1,FALSE
"AN<U+00C1>LISE USINABILIDADE","N7",1,FALSE
"COMPARATIVO","N7",1,FALSE
"AN<U+00C1>LISE EMULS<U+00D5>ES","N8",1,FALSE
"AN<U+00C1>LISE USINABILIDADE","N8",1,FALSE
"COMPARATIVO","N8",1,FALSE
"AN<U+00C1>LISE EMULS<U+00D5>ES","N9",1,FALSE
"AN<U+00C1>LISE USINABILIDADE","N9",1,FALSE
"COMPARATIVO","N9",1,FALSE
"AN<U+00C1>LISE EMULS<U+00D5>ES","O10",1,FALSE
"AN<U+00C1>LISE USINABILIDADE","O10",1,FALSE
"COMPARATIVO","O10",1,FALSE
"AN<U+00C1>LISE EMULS<U+00D5>ES","O11",1,FALSE
"AN<U+00C1>LISE USINABILIDADE","O11",1,FALSE
"COMPARATIVO","O11",1,FALSE
"AN<U+00C1>LISE EMULS<U+00D5>ES","O12",1,FALSE
"AN<U+00C1>LISE USINABILIDADE","O12",1,FALSE
"COMPARATIVO","O12",1,FALSE
"AN<U+00C1>LISE EMULS<U+00D5>ES","O13",1,FALSE
"AN<U+00C1>LISE USINABILIDADE","O13",1,FALSE
"COMPARATIVO","O13",1,FALSE
"AN<U+00C1>LISE EMULS<U+00D5>ES","O14",1,FALSE
"AN<U+00C1>LISE USINABILIDADE","O14",1,FALSE
"AN<U+00C1>LISE EMULS<U+00D5>ES","O15",1,FALSE
"AN<U+00C1>LISE USINABILIDADE","O15",1,FALSE
"AN<U+00C1>LISE EMULS<U+00D5>ES","O16",1,FALSE
"AN<U+00C1>LISE USINABILIDADE","O16",1,FALSE
"AN<U+00C1>LISE EMULS<U+00D5>ES","O17",1,FALSE
"AN<U+00C1>LISE USINABILIDADE","O17",1,FALSE
"AN<U+00C1>LISE EMULS<U+00D5>ES","O18",1,FALSE
"AN<U+00C1>LISE USINABILIDADE","O18",1,FALSE
"AN<U+00C1>LISE EMULS<U+00D5>ES","O19",1,FALSE
"AN<U+00C1>LISE USINABILIDADE","O19",1,FALSE
"AN<U+00C1>LISE EMULS<U+00D5>ES","O20",1,FALSE
"AN<U+00C1>LISE EMULS<U+00D5>ES","O21",1,FALSE
"AN<U+00C1>LISE EMULS<U+00D5>ES","O22",1,FALSE
"AN<U+00C1>LISE EMULS<U+00D5>ES","O23",1,FALSE
"AN<U+00C1>LISE EMULS<U+00D5>ES","O24",1,FALSE
"COMPARATIVO","O3",1,FALSE
"AN<U+00C1>LISE EMULS<U+00D5>ES","O4",1,FALSE
"AN<U+00C1>LISE USINABILIDADE","O4",1,FALSE
"COMPARATIVO","O4",1,FALSE
"AN<U+00C1>LISE EMULS<U+00D5>ES","O5",1,FALSE
"AN<U+00C1>LISE USINABILIDADE","O5",1,FALSE
"COMPARATIVO","O5",1,FALSE
"AN<U+00C1>LISE EMULS<U+00D5>ES","O6",1,FALSE
"AN<U+00C1>LISE USINABILIDADE","O6",1,FALSE
"COMPARATIVO","O6",1,FALSE
"AN<U+00C1>LISE EMULS<U+00D5>ES","O7",1,FALSE
"AN<U+00C1>LISE USINABILIDADE","O7",1,FALSE
"COMPARATIVO","O7",1,FALSE
"AN<U+00C1>LISE EMULS<U+00D5>ES","O8",1,FALSE
"AN<U+00C1>LISE USINABILIDADE","O8",1,FALSE
"COMPARATIVO","O8",1,FALSE
"AN<U+00C1>LISE EMULS<U+00D5>ES","O9",1,FALSE
"AN<U+00C1>LISE USINABILIDADE","O9",1,FALSE
"COMPARATIVO","O9",1,FALSE
"AN<U+00C1>LISE EMULS<U+00D5>ES","P10",1,FALSE
"AN<U+00C1>LISE USINABILIDADE","P10",1,FALSE
"COMPARATIVO","P10",1,FALSE
"AN<U+00C1>LISE EMULS<U+00D5>ES","P11",1,FALSE
"AN<U+00C1>LISE USINABILIDADE","P11",1,FALSE
"COMPARATIVO","P11",1,FALSE
"AN<U+00C1>LISE EMULS<U+00D5>ES","P12",1,FALSE
"AN<U+00C1>LISE USINABILIDADE","P12",1,FALSE
"COMPARATIVO","P12",1,FALSE
"AN<U+00C1>LISE EMULS<U+00D5>ES","P13",1,FALSE
"AN<U+00C1>LISE USINABILIDADE","P13",1,FALSE
"COMPARATIVO","P13",1,FALSE
"AN<U+00C1>LISE EMULS<U+00D5>ES","P14",1,FALSE
"AN<U+00C1>LISE USINABILIDADE","P14",1,FALSE
"AN<U+00C1>LISE EMULS<U+00D5>ES","P15",1,FALSE
"AN<U+00C1>LISE USINABILIDADE","P15",1,FALSE
"AN<U+00C1>LISE EMULS<U+00D5>ES","P16",1,FALSE
"AN<U+00C1>LISE USINABILIDADE","P16",1,FALSE
"AN<U+00C1>LISE EMULS<U+00D5>ES","P17",1,FALSE
"AN<U+00C1>LISE USINABILIDADE","P17",1,FALSE
"AN<U+00C1>LISE EMULS<U+00D5>ES","P18",1,FALSE
"AN<U+00C1>LISE USINABILIDADE","P18",1,FALSE
"AN<U+00C1>LISE EMULS<U+00D5>ES","P19",1,FALSE
"AN<U+00C1>LISE USINABILIDADE","P19",1,FALSE
"AN<U+00C1>LISE EMULS<U+00D5>ES","P20",1,FALSE
"AN<U+00C1>LISE EMULS<U+00D5>ES","P21",1,FALSE
"AN<U+00C1>LISE EMULS<U+00D5>ES","P22",1,FALSE
"AN<U+00C1>LISE EMULS<U+00D5>ES","P23",1,FALSE
"AN<U+00C1>LISE EMULS<U+00D5>ES","P24",1,FALSE
"COMPARATIVO","P3",1,FALSE
"AN<U+00C1>LISE EMULS<U+00D5>ES","P4",1,FALSE
"AN<U+00C1>LISE USINABILIDADE","P4",1,FALSE
"COMPARATIVO","P4",1,FALSE
"AN<U+00C1>LISE EMULS<U+00D5>ES","P5",1,FALSE
"AN<U+00C1>LISE USINABILIDADE","P5",1,FALSE
"COMPARATIVO","P5",1,FALSE
"AN<U+00C1>LISE EMULS<U+00D5>ES","P6",1,FALSE
"AN<U+00C1>LISE USINABILIDADE","P6",1,FALSE
"COMPARATIVO","P6",1,FALSE
"AN<U+00C1>LISE EMULS<U+00D5>ES","P7",1,FALSE
"AN<U+00C1>LISE USINABILIDADE","P7",1,FALSE
"COMPARATIVO","P7",1,FALSE
"AN<U+00C1>LISE EMULS<U+00D5>ES","P8",1,FALSE
"AN<U+00C1>LISE USINABILIDADE","P8",1,FALSE
"COMPARATIVO","P8",1,FALSE
"AN<U+00C1>LISE EMULS<U+00D5>ES","P9",1,FALSE
"AN<U+00C1>LISE USINABILIDADE","P9",1,FALSE
"COMPARATIVO","P9",1,FALSE
"COMPARATIVO","Q10",1,FALSE
"COMPARATIVO","Q11",1,FALSE
"COMPARATIVO","Q12",1,FALSE
"COMPARATIVO","Q13",1,FALSE
"AVALIA<U+00C7><U+00C3>O ECON<U+00D4>MICA","Q14",1,FALSE
"AVALIA<U+00C7><U+00C3>O ECON<U+00D4>MICA","Q15",1,FALSE
"AVALIA<U+00C7><U+00C3>O ECON<U+00D4>MICA","Q16",1,FALSE
"AVALIA<U+00C7><U+00C3>O ECON<U+00D4>MICA","Q17",1,FALSE
"AVALIA<U+00C7><U+00C3>O ECON<U+00D4>MICA","Q18",1,FALSE
"AVALIA<U+00C7><U+00C3>O ECON<U+00D4>MICA","Q19",1,FALSE
"AVALIA<U+00C7><U+00C3>O ECON<U+00D4>MICA","Q20",1,FALSE
"AVALIA<U+00C7><U+00C3>O ECON<U+00D4>MICA","Q21",1,FALSE
"AVALIA<U+00C7><U+00C3>O ECON<U+00D4>MICA","Q22",1,FALSE
"AVALIA<U+00C7><U+00C3>O ECON<U+00D4>MICA","Q23",1,FALSE
"AVALIA<U+00C7><U+00C3>O ECON<U+00D4>MICA","Q24",1,FALSE
"AVALIA<U+00C7><U+00C3>O ECON<U+00D4>MICA","Q25",1,FALSE
"AVALIA<U+00C7><U+00C3>O ECON<U+00D4>MICA","Q26",1,FALSE
"AVALIA<U+00C7><U+00C3>O ECON<U+00D4>MICA","Q27",1,FALSE
"AVALIA<U+00C7><U+00C3>O ECON<U+00D4>MICA","Q28",1,FALSE
"AVALIA<U+00C7><U+00C3>O ECON<U+00D4>MICA","Q29",1,FALSE
"COMPARATIVO","Q3",1,FALSE
"AVALIA<U+00C7><U+00C3>O ECON<U+00D4>MICA","Q33",1,FALSE
"AVALIA<U+00C7><U+00C3>O ECON<U+00D4>MICA","Q34",1,FALSE
"AVALIA<U+00C7><U+00C3>O ECON<U+00D4>MICA","Q35",1,FALSE
"AVALIA<U+00C7><U+00C3>O ECON<U+00D4>MICA","Q36",1,FALSE
"AVALIA<U+00C7><U+00C3>O ECON<U+00D4>MICA","Q37",1,FALSE
"AVALIA<U+00C7><U+00C3>O ECON<U+00D4>MICA","Q38",1,FALSE
"AVALIA<U+00C7><U+00C3>O ECON<U+00D4>MICA","Q39",1,FALSE
"COMPARATIVO","Q4",1,FALSE
"AVALIA<U+00C7><U+00C3>O ECON<U+00D4>MICA","Q40",1,FALSE
"AVALIA<U+00C7><U+00C3>O ECON<U+00D4>MICA","Q41",1,FALSE
"AVALIA<U+00C7><U+00C3>O ECON<U+00D4>MICA","Q43",1,FALSE
"COMPARATIVO","Q5",1,FALSE
"COMPARATIVO","Q6",1,FALSE
"COMPARATIVO","Q7",1,FALSE
"COMPARATIVO","Q8",1,FALSE
"COMPARATIVO","Q9",1,FALSE
"COMPARATIVO","R10",1,FALSE
"COMPARATIVO","R11",1,FALSE
"COMPARATIVO","R12",1,FALSE
"COMPARATIVO","R13",1,FALSE
"COMPARATIVO","R3",1,FALSE
"COMPARATIVO","R4",1,FALSE
"COMPARATIVO","R5",1,FALSE
"COMPARATIVO","R6",1,FALSE
"COMPARATIVO","R7",1,FALSE
"COMPARATIVO","R8",1,FALSE
"COMPARATIVO","R9",1,FALSE
"COMPARATIVO","S10",1,FALSE
"COMPARATIVO","S11",1,FALSE
"COMPARATIVO","S12",1,FALSE
"COMPARATIVO","S13",1,FALSE
"COMPARATIVO","S3",1,FALSE
"COMPARATIVO","S4",1,FALSE
"COMPARATIVO","S5",1,FALSE
"COMPARATIVO","S6",1,FALSE
"COMPARATIVO","S7",1,FALSE
"COMPARATIVO","S8",1,FALSE
"COMPARATIVO","S9",1,FALSE
"COMPARATIVO","T10",1,FALSE
"COMPARATIVO","T11",1,FALSE
"COMPARATIVO","T12",1,FALSE
"COMPARATIVO","T13",1,FALSE
"AVALIA<U+00C7><U+00C3>O ECON<U+00D4>MICA","T14",1,FALSE
"AVALIA<U+00C7><U+00C3>O ECON<U+00D4>MICA","T15",1,FALSE
"AVALIA<U+00C7><U+00C3>O ECON<U+00D4>MICA","T16",1,FALSE
"AVALIA<U+00C7><U+00C3>O ECON<U+00D4>MICA","T17",1,FALSE
"AVALIA<U+00C7><U+00C3>O ECON<U+00D4>MICA","T18",1,FALSE
"AVALIA<U+00C7><U+00C3>O ECON<U+00D4>MICA","T19",1,FALSE
"AVALIA<U+00C7><U+00C3>O ECON<U+00D4>MICA","T20",1,FALSE
"AVALIA<U+00C7><U+00C3>O ECON<U+00D4>MICA","T21",1,FALSE
"AVALIA<U+00C7><U+00C3>O ECON<U+00D4>MICA","T22",1,FALSE
"AVALIA<U+00C7><U+00C3>O ECON<U+00D4>MICA","T23",1,FALSE
"AVALIA<U+00C7><U+00C3>O ECON<U+00D4>MICA","T24",1,FALSE
"AVALIA<U+00C7><U+00C3>O ECON<U+00D4>MICA","T25",1,FALSE
"AVALIA<U+00C7><U+00C3>O ECON<U+00D4>MICA","T26",1,FALSE
"AVALIA<U+00C7><U+00C3>O ECON<U+00D4>MICA","T27",1,FALSE
"AVALIA<U+00C7><U+00C3>O ECON<U+00D4>MICA","T28",1,FALSE
"AVALIA<U+00C7><U+00C3>O ECON<U+00D4>MICA","T29",1,FALSE
"COMPARATIVO","T3",1,FALSE
"AVALIA<U+00C7><U+00C3>O ECON<U+00D4>MICA","T33",1,FALSE
"AVALIA<U+00C7><U+00C3>O ECON<U+00D4>MICA","T34",1,FALSE
"AVALIA<U+00C7><U+00C3>O ECON<U+00D4>MICA","T35",1,FALSE
"AVALIA<U+00C7><U+00C3>O ECON<U+00D4>MICA","T36",1,FALSE
"AVALIA<U+00C7><U+00C3>O ECON<U+00D4>MICA","T37",1,FALSE
"AVALIA<U+00C7><U+00C3>O ECON<U+00D4>MICA","T38",1,FALSE
"AVALIA<U+00C7><U+00C3>O ECON<U+00D4>MICA","T39",1,FALSE
"COMPARATIVO","T4",1,FALSE
"AVALIA<U+00C7><U+00C3>O ECON<U+00D4>MICA","T40",1,FALSE
"AVALIA<U+00C7><U+00C3>O ECON<U+00D4>MICA","T41",1,FALSE
"AVALIA<U+00C7><U+00C3>O ECON<U+00D4>MICA","T43",1,FALSE
"COMPARATIVO","T5",1,FALSE
"COMPARATIVO","T6",1,FALSE
"COMPARATIVO","T7",1,FALSE
"COMPARATIVO","T8",1,FALSE
"COMPARATIVO","T9",1,FALSE
"COMPARATIVO","U10",1,FALSE
"COMPARATIVO","U11",1,FALSE
"COMPARATIVO","U12",1,FALSE
"COMPARATIVO","U13",1,FALSE
"COMPARATIVO","U3",1,FALSE
"COMPARATIVO","U4",1,FALSE
"COMPARATIVO","U5",1,FALSE
"COMPARATIVO","U6",1,FALSE
"COMPARATIVO","U7",1,FALSE
"COMPARATIVO","U8",1,FALSE
"COMPARATIVO","U9",1,FALSE
"COMPARATIVO","V10",1,FALSE
"COMPARATIVO","V11",1,FALSE
"COMPARATIVO","V12",1,FALSE
"COMPARATIVO","V13",1,FALSE
"COMPARATIVO","V3",1,FALSE
"COMPARATIVO","V4",1,FALSE
"COMPARATIVO","V5",1,FALSE
"COMPARATIVO","V6",1,FALSE
"COMPARATIVO","V7",1,FALSE
"COMPARATIVO","V8",1,FALSE
"COMPARATIVO","V9",1,FALSE
"COMPARATIVO","W10",1,FALSE
"COMPARATIVO","W11",1,FALSE
"COMPARATIVO","W12",1,FALSE
"COMPARATIVO","W13",1,FALSE
"AVALIA<U+00C7><U+00C3>O ECON<U+00D4>MICA","W14",1,FALSE
"AVALIA<U+00C7><U+00C3>O ECON<U+00D4>MICA","W15",1,FALSE
"AVALIA<U+00C7><U+00C3>O ECON<U+00D4>MICA","W16",1,FALSE
"AVALIA<U+00C7><U+00C3>O ECON<U+00D4>MICA","W17",1,FALSE
"AVALIA<U+00C7><U+00C3>O ECON<U+00D4>MICA","W18",1,FALSE
"AVALIA<U+00C7><U+00C3>O ECON<U+00D4>MICA","W19",1,FALSE
"AVALIA<U+00C7><U+00C3>O ECON<U+00D4>MICA","W20",1,FALSE
"AVALIA<U+00C7><U+00C3>O ECON<U+00D4>MICA","W21",1,FALSE
"AVALIA<U+00C7><U+00C3>O ECON<U+00D4>MICA","W22",1,FALSE
"AVALIA<U+00C7><U+00C3>O ECON<U+00D4>MICA","W23",1,FALSE
"AVALIA<U+00C7><U+00C3>O ECON<U+00D4>MICA","W24",1,FALSE
"AVALIA<U+00C7><U+00C3>O ECON<U+00D4>MICA","W25",1,FALSE
"AVALIA<U+00C7><U+00C3>O ECON<U+00D4>MICA","W26",1,FALSE
"AVALIA<U+00C7><U+00C3>O ECON<U+00D4>MICA","W27",1,FALSE
"AVALIA<U+00C7><U+00C3>O ECON<U+00D4>MICA","W28",1,FALSE
"AVALIA<U+00C7><U+00C3>O ECON<U+00D4>MICA","W29",1,FALSE
"COMPARATIVO","W3",1,FALSE
"AVALIA<U+00C7><U+00C3>O ECON<U+00D4>MICA","W33",1,FALSE
"AVALIA<U+00C7><U+00C3>O ECON<U+00D4>MICA","W34",1,FALSE
"AVALIA<U+00C7><U+00C3>O ECON<U+00D4>MICA","W35",1,FALSE
"AVALIA<U+00C7><U+00C3>O ECON<U+00D4>MICA","W36",1,FALSE
"AVALIA<U+00C7><U+00C3>O ECON<U+00D4>MICA","W37",1,FALSE
"AVALIA<U+00C7><U+00C3>O ECON<U+00D4>MICA","W38",1,FALSE
"AVALIA<U+00C7><U+00C3>O ECON<U+00D4>MICA","W39",1,FALSE
"COMPARATIVO","W4",1,FALSE
"AVALIA<U+00C7><U+00C3>O ECON<U+00D4>MICA","W40",1,FALSE
"AVALIA<U+00C7><U+00C3>O ECON<U+00D4>MICA","W41",1,FALSE
"AVALIA<U+00C7><U+00C3>O ECON<U+00D4>MICA","W43",1,FALSE
"COMPARATIVO","W5",1,FALSE
"COMPARATIVO","W6",1,FALSE
"COMPARATIVO","W7",1,FALSE
"COMPARATIVO","W8",1,FALSE
"COMPARATIVO","W9",1,FALSE
"COMPARATIVO","X10",1,FALSE
"COMPARATIVO","X11",1,FALSE
"COMPARATIVO","X12",1,FALSE
"COMPARATIVO","X13",1,FALSE
"COMPARATIVO","X3",1,FALSE
"COMPARATIVO","X4",1,FALSE
"COMPARATIVO","X5",1,FALSE
"COMPARATIVO","X6",1,FALSE
"COMPARATIVO","X7",1,FALSE
"COMPARATIVO","X8",1,FALSE
"COMPARATIVO","X9",1,FALSE
"COMPARATIVO","Y10",1,FALSE
"COMPARATIVO","Y11",1,FALSE
"COMPARATIVO","Y12",1,FALSE
"COMPARATIVO","Y13",1,FALSE
"COMPARATIVO","Y3",1,FALSE
"COMPARATIVO","Y4",1,FALSE
"COMPARATIVO","Y5",1,FALSE
"COMPARATIVO","Y6",1,FALSE
"COMPARATIVO","Y7",1,FALSE
"COMPARATIVO","Y8",1,FALSE
"COMPARATIVO","Y9",1,FALSE
"COMPARATIVO","Z10",1,FALSE
"COMPARATIVO","Z11",1,FALSE
"COMPARATIVO","Z12",1,FALSE
"COMPARATIVO","Z13",1,FALSE
"AVALIA<U+00C7><U+00C3>O ECON<U+00D4>MICA","Z14",1,FALSE
"AVALIA<U+00C7><U+00C3>O ECON<U+00D4>MICA","Z15",1,FALSE
"AVALIA<U+00C7><U+00C3>O ECON<U+00D4>MICA","Z16",1,FALSE
"AVALIA<U+00C7><U+00C3>O ECON<U+00D4>MICA","Z17",1,FALSE
"AVALIA<U+00C7><U+00C3>O ECON<U+00D4>MICA","Z18",1,FALSE
"AVALIA<U+00C7><U+00C3>O ECON<U+00D4>MICA","Z19",1,FALSE
"AVALIA<U+00C7><U+00C3>O ECON<U+00D4>MICA","Z20",1,FALSE
"AVALIA<U+00C7><U+00C3>O ECON<U+00D4>MICA","Z21",1,FALSE
"AVALIA<U+00C7><U+00C3>O ECON<U+00D4>MICA","Z22",1,FALSE
"AVALIA<U+00C7><U+00C3>O ECON<U+00D4>MICA","Z23",1,FALSE
"AVALIA<U+00C7><U+00C3>O ECON<U+00D4>MICA","Z24",1,FALSE
"AVALIA<U+00C7><U+00C3>O ECON<U+00D4>MICA","Z25",1,FALSE
"AVALIA<U+00C7><U+00C3>O ECON<U+00D4>MICA","Z26",1,FALSE
"AVALIA<U+00C7><U+00C3>O ECON<U+00D4>MICA","Z27",1,FALSE
"AVALIA<U+00C7><U+00C3>O ECON<U+00D4>MICA","Z28",1,FALSE
"AVALIA<U+00C7><U+00C3>O ECON<U+00D4>MICA","Z29",1,FALSE
"COMPARATIVO","Z3",1,FALSE
"AVALIA<U+00C7><U+00C3>O ECON<U+00D4>MICA","Z33",1,FALSE
"AVALIA<U+00C7><U+00C3>O ECON<U+00D4>MICA","Z34",1,FALSE
"AVALIA<U+00C7><U+00C3>O ECON<U+00D4>MICA","Z35",1,FALSE
"AVALIA<U+00C7><U+00C3>O ECON<U+00D4>MICA","Z36",1,FALSE
"AVALIA<U+00C7><U+00C3>O ECON<U+00D4>MICA","Z37",1,FALSE
"AVALIA<U+00C7><U+00C3>O ECON<U+00D4>MICA","Z38",1,FALSE
"AVALIA<U+00C7><U+00C3>O ECON<U+00D4>MICA","Z39",1,FALSE
"COMPARATIVO","Z4",1,FALSE
"AVALIA<U+00C7><U+00C3>O ECON<U+00D4>MICA","Z40",1,FALSE
"AVALIA<U+00C7><U+00C3>O ECON<U+00D4>MICA","Z41",1,FALSE
"AVALIA<U+00C7><U+00C3>O ECON<U+00D4>MICA","Z43",1,FALSE
"COMPARATIVO","Z5",1,FALSE
"COMPARATIVO","Z6",1,FALSE
"COMPARATIVO","Z7",1,FALSE
"COMPARATIVO","Z8",1,FALSE
"COMPARATIVO","Z9",1,FALSE
