"source_file","sheet_name","column_index","excel_column","provisional_header","apparent_type","rows_non_blank","rows_blank","distinct_non_blank","example_values"
"data/raw/ensaio_bancada_alunos (2).xlsx","SPEC FLUIDOS",1,"A",,"all_blank",0,19,0,""
"data/raw/ensaio_bancada_alunos (2).xlsx","SPEC FLUIDOS",2,"B","FLUIDO A","mixed_or_text",12,7,12,"TABELA DE COMPOSI<U+00C7><U+00C3>O DOS FLUIDOS TESTADOS | FLUIDO A | SEMI-SINT<U+00C9>TICO"
"data/raw/ensaio_bancada_alunos (2).xlsx","SPEC FLUIDOS",3,"C","FLUIDO B","mixed_or_text",6,13,6,"FLUIDO B | SEMI-SINT<U+00C9>TICO | Aditivo EP (fosforo)"
"data/raw/ensaio_bancada_alunos (2).xlsx","SPEC FLUIDOS",4,"D","FLUIDO C","mixed_or_text",6,13,6,"FLUIDO C | SEMI-SINT<U+00C9>TICO | Aditivo EP (Fosforo e zinco)"
"data/raw/ensaio_bancada_alunos (2).xlsx","SPEC FLUIDOS",5,"E","FLUIDO D","mixed_or_text",5,14,5,"FLUIDO D | SEMI-SINT<U+00C9>TICO | Tensoativos"
"data/raw/ensaio_bancada_alunos (2).xlsx","SPEC FLUIDOS",6,"F","FLUIDO E","mixed_or_text",7,12,7,"FLUIDO E | VEGETAL | Aditivo EP (Ditiofosfato de zinco)"
"data/raw/ensaio_bancada_alunos (2).xlsx","SPEC FLUIDOS",7,"G","FLUIDO F","mixed_or_text",5,14,5,"FLUIDO F | SEMI-SINT<U+00C9>TICO | ADITIVO EP"
"data/raw/ensaio_bancada_alunos (2).xlsx","SPEC FLUIDOS",8,"H","FLUIDO G","mixed_or_text",17,2,17,"FLUIDO G | SINT<U+00C9>TICO | COMPONENTES"
"data/raw/ensaio_bancada_alunos (2).xlsx","SPEC FLUIDOS",9,"I","FLUIDO H","mixed_or_text",5,14,5,"FLUIDO H | SEMI-SINT<U+00C9>TICO | Tensoativos"
"data/raw/ensaio_bancada_alunos (2).xlsx","SPEC FLUIDOS",10,"J","FLUIDO J","mixed_or_text",8,11,8,"FLUIDO J | SEMI-SINT<U+00C9>TICO | COMPONENTES"
"data/raw/ensaio_bancada_alunos (2).xlsx","SPEC FLUIDOS",11,"K","FLUIDO M","mixed_or_text",6,13,6,"FLUIDO M | SEMI-SINT<U+00C9>TICO (VEGETAL) | Aditivo EP"
"data/raw/ensaio_bancada_alunos (2).xlsx","CAVACOS",1,"A",,"all_blank",0,1,0,""
"data/raw/ensaio_bancada_alunos (2).xlsx","CAVACOS",2,"B","PRODUTO B","mixed_or_text",1,0,1,"PRODUTO B"
"data/raw/ensaio_bancada_alunos (2).xlsx","EQUA-USN",1,"A","fz","mixed_or_text",35,40,32,"VELOCIDADE DE CORTE (VC) | RPM | 12000"
"data/raw/ensaio_bancada_alunos (2).xlsx","EQUA-USN",2,"B","Z","mixed_or_text",25,50,21,"D | 50 | Z"
"data/raw/ensaio_bancada_alunos (2).xlsx","EQUA-USN",3,"C","n","mixed_or_text",26,49,25,"VC = M/MIN. | 1884.9 | RPM"
"data/raw/ensaio_bancada_alunos (2).xlsx","EQUA-USN",4,"D","Vf = mm/min","mixed_or_text",13,62,13,"Vf = mm/min | 2400 | fz = mm/faca"
"data/raw/ensaio_bancada_alunos (2).xlsx","EQUA-USN",5,"E",,"mixed_or_text",4,71,4,"T = min | 2.7488125000000002E-2 | P = kW"
"data/raw/ensaio_bancada_alunos (2).xlsx","EQUA-USN",6,"F",,"mixed_or_text",4,71,4,"   (ae) | Sendo que: | 1W = 1J/s [unidade de pot<U+00EA>ncia]"
"data/raw/ensaio_bancada_alunos (2).xlsx","EQUA-USN",7,"G",,"mixed_or_text",1,74,1,"(ap)              (Vf)"
"data/raw/ensaio_bancada_alunos (2).xlsx","EQUA-USN",8,"H",,"all_blank",0,75,0,""
"data/raw/ensaio_bancada_alunos (2).xlsx","EQUA-USN",9,"I",,"all_blank",0,75,0,""
"data/raw/ensaio_bancada_alunos (2).xlsx","EQUA-USN",10,"J",,"all_blank",0,75,0,""
"data/raw/ensaio_bancada_alunos (2).xlsx","EQUA-USN",11,"K","f = Avan<U+00E7>o (mm/rot)","mixed_or_text",18,57,18,"LEGENDA | Vc = Velocidade de corte (m/min) | D = Diametro efetivo (mm)"
"data/raw/ensaio_bancada_alunos (2).xlsx","AN<U+00C1>LISE USINABILIDADE",1,"A","AN<U+00C1>LISE","mixed_or_text",6,20,6,"TABELA DE RESULTADOS DE USINABILIDADE COM DISTINTOS FLUIDOS | AN<U+00C1>LISE | VIDA DE FERRAMENTA"
"data/raw/ensaio_bancada_alunos (2).xlsx","AN<U+00C1>LISE USINABILIDADE",2,"B","PAR<U+00C2>METROS","mixed_or_text",17,9,11,"PAR<U+00C2>METROS | CONDI<U+00C7><U+00C3>O 1
vc = 95 m/min
fz = 0,3 mm/dente | CONDI<U+00C7><U+00C3>O 2
vc = 95 m/min
fz = 0,2 mm/dente"
"data/raw/ensaio_bancada_alunos (2).xlsx","AN<U+00C1>LISE USINABILIDADE",3,"C","FATOR ANALISADO","mixed_or_text",5,21,5,"FATOR ANALISADO | VOLUME REMOVIDO AT<U+00C9> O FIM DE VIDA
 
(VB m<U+00E1>x = 0,30 mm) | CONSUMO M<U+00C9>DIO"
"data/raw/ensaio_bancada_alunos (2).xlsx","AN<U+00C1>LISE USINABILIDADE",4,"D","VALOR REQUERIDO","mixed_or_text",3,23,3,"VALOR REQUERIDO | Ra < 3,20 | Tipo Arruela ou V<U+00ED>rgula Curto, e de colora<U+00E7><U+00E3>o branda uniforme."
"data/raw/ensaio_bancada_alunos (2).xlsx","AN<U+00C1>LISE USINABILIDADE",5,"E","UNID","mixed_or_text",16,10,5,"UNID | cm<U+00B3> | kW"
"data/raw/ensaio_bancada_alunos (2).xlsx","AN<U+00C1>LISE USINABILIDADE",6,"F","A","mixed_or_text",18,8,14,"FLUIDO | A | 452.16"
"data/raw/ensaio_bancada_alunos (2).xlsx","AN<U+00C1>LISE USINABILIDADE",7,"G","B","mixed_or_text",17,9,13,"B | 847.8 | 651.11040000000003"
"data/raw/ensaio_bancada_alunos (2).xlsx","AN<U+00C1>LISE USINABILIDADE",8,"H","C","mixed_or_text",17,9,14,"C | 813.88800000000003 | 651.11040000000003"
"data/raw/ensaio_bancada_alunos (2).xlsx","AN<U+00C1>LISE USINABILIDADE",9,"I","D","mixed_or_text",17,9,14,"D | 813.88800000000003 | 406.94400000000002"
"data/raw/ensaio_bancada_alunos (2).xlsx","AN<U+00C1>LISE USINABILIDADE",10,"J","E","mixed_or_text",17,9,13,"E | 895.27679999999998 | 406.94400000000002"
"data/raw/ensaio_bancada_alunos (2).xlsx","AN<U+00C1>LISE USINABILIDADE",11,"K","F","mixed_or_text",17,9,13,"F | 488.33280000000002 | 732.49919999999997"
"data/raw/ensaio_bancada_alunos (2).xlsx","AN<U+00C1>LISE USINABILIDADE",12,"L","G","mixed_or_text",17,9,13,"G | 732.49919999999997 | 325.55520000000001"
"data/raw/ensaio_bancada_alunos (2).xlsx","AN<U+00C1>LISE USINABILIDADE",13,"M","H","mixed_or_text",17,9,12,"H | 406.94400000000002 | 244.16640000000001"
"data/raw/ensaio_bancada_alunos (2).xlsx","AN<U+00C1>LISE USINABILIDADE",14,"N","J","mixed_or_text",17,9,14,"J | 651.11040000000003 | 732.45600000000002"
"data/raw/ensaio_bancada_alunos (2).xlsx","AN<U+00C1>LISE USINABILIDADE",15,"O","K","mixed_or_text",20,6,13,"K | 732.49919999999997 | 723.45600000000002"
"data/raw/ensaio_bancada_alunos (2).xlsx","AN<U+00C1>LISE USINABILIDADE",16,"P","M","mixed_or_text",17,9,14,"M | 633.024 | 748.57600000000002"
"data/raw/ensaio_bancada_alunos (2).xlsx","AN<U+00C1>LISE EMULS<U+00D5>ES",1,"A","AN<U+00C1>LISE","mixed_or_text",4,23,4,"TABELA DE RESULTADOS DAS AN<U+00C1>LISES DAS EMULS<U+00D5>ES | AN<U+00C1>LISE | QU<U+00CD>MICA"
"data/raw/ensaio_bancada_alunos (2).xlsx","AN<U+00C1>LISE EMULS<U+00D5>ES",2,"B","TEORES","mixed_or_text",5,22,3,"TEORES | <U+00C1>GUA | EMULS<U+00C3>O"
"data/raw/ensaio_bancada_alunos (2).xlsx","AN<U+00C1>LISE EMULS<U+00D5>ES",3,"C","FATOR ANALISADO","mixed_or_text",22,5,22,"FATOR ANALISADO | pH | TURBIDEZ"
"data/raw/ensaio_bancada_alunos (2).xlsx","AN<U+00C1>LISE EMULS<U+00D5>ES",4,"D","VALOR REQUERIDO","mixed_or_text",21,6,18,"VALOR REQUERIDO | 6,0 a 9,5 | <U+2264> 5"
"data/raw/ensaio_bancada_alunos (2).xlsx","AN<U+00C1>LISE EMULS<U+00D5>ES",5,"E","UNID","mixed_or_text",21,6,10,"UNID | - | NTU"
"data/raw/ensaio_bancada_alunos (2).xlsx","AN<U+00C1>LISE EMULS<U+00D5>ES",6,"F","A","mixed_or_text",23,4,20,"PRODUTOS | A | 6.8"
"data/raw/ensaio_bancada_alunos (2).xlsx","AN<U+00C1>LISE EMULS<U+00D5>ES",7,"G","B","mixed_or_text",22,5,19,"B | 6.6 | 1.5"
"data/raw/ensaio_bancada_alunos (2).xlsx","AN<U+00C1>LISE EMULS<U+00D5>ES",8,"H","C","mixed_or_text",23,4,20,"C | 6.5 | 1.7"
"data/raw/ensaio_bancada_alunos (2).xlsx","AN<U+00C1>LISE EMULS<U+00D5>ES",9,"I","D","mixed_or_text",22,5,19,"D | 6.7 | 1.7"
"data/raw/ensaio_bancada_alunos (2).xlsx","AN<U+00C1>LISE EMULS<U+00D5>ES",10,"J","E","mixed_or_text",22,5,18,"E | 6.6 | 1.6"
"data/raw/ensaio_bancada_alunos (2).xlsx","AN<U+00C1>LISE EMULS<U+00D5>ES",11,"K","F","mixed_or_text",22,5,19,"F | 6.7 | 1.6"
"data/raw/ensaio_bancada_alunos (2).xlsx","AN<U+00C1>LISE EMULS<U+00D5>ES",12,"L","G","mixed_or_text",22,5,19,"G | 6.7 | 1.7"
"data/raw/ensaio_bancada_alunos (2).xlsx","AN<U+00C1>LISE EMULS<U+00D5>ES",13,"M","H","mixed_or_text",22,5,19,"H | 6.7 | 1.7"
"data/raw/ensaio_bancada_alunos (2).xlsx","AN<U+00C1>LISE EMULS<U+00D5>ES",14,"N","J","mixed_or_text",22,5,19,"J | 6.6 | 1.45"
"data/raw/ensaio_bancada_alunos (2).xlsx","AN<U+00C1>LISE EMULS<U+00D5>ES",15,"O","K","mixed_or_text",22,5,19,"K | 6.5 | 1.35"
"data/raw/ensaio_bancada_alunos (2).xlsx","AN<U+00C1>LISE EMULS<U+00D5>ES",16,"P","M","mixed_or_text",22,5,19,"M | 6.6 | 1.76"
"data/raw/ensaio_bancada_alunos (2).xlsx","COMPARATIVO",1,"A","A","mixed_or_text",13,6,13,"PRODUTOS | A | B"
"data/raw/ensaio_bancada_alunos (2).xlsx","COMPARATIVO",2,"B","452.16","mixed_or_text",13,6,11,"VIDA DE FERRAMENTA (volume removido) | COND1-0,3 | 452.16"
"data/raw/ensaio_bancada_alunos (2).xlsx","COMPARATIVO",3,"C","361.72800000000001","mixed_or_text",12,7,8,"COND2-0,2 | 361.72800000000001 | 651.11040000000003"
"data/raw/ensaio_bancada_alunos (2).xlsx","COMPARATIVO",4,"D","361.72800000000001","mixed_or_text",12,7,8,"COND3-03 | 361.72800000000001 | 325.55520000000001"
"data/raw/ensaio_bancada_alunos (2).xlsx","COMPARATIVO",5,"E","271.29599999999999","mixed_or_text",12,7,8,"COND4-0,2 | 271.29599999999999 | 325.55520000000001"
"data/raw/ensaio_bancada_alunos (2).xlsx","COMPARATIVO",6,"F","1446.912","mixed_or_text",12,7,12,"somatorio | 1446.912 | 2150.0208000000002"
"data/raw/ensaio_bancada_alunos (2).xlsx","COMPARATIVO",7,"G","sim","mixed_or_text",12,7,3,"PRESEN<U+00C7>A DE REBARBA | sim | n<U+00E3>o"
"data/raw/ensaio_bancada_alunos (2).xlsx","COMPARATIVO",8,"H","OK","mixed_or_text",12,7,2,"ESPUMA | OK"
"data/raw/ensaio_bancada_alunos (2).xlsx","COMPARATIVO",9,"I","sim","mixed_or_text",12,7,3,"N<U+00C9>VOA | sim | n<U+00E3>o"
"data/raw/ensaio_bancada_alunos (2).xlsx","COMPARATIVO",10,"J","GRAU 0","mixed_or_text",12,7,2,"TESTE CORROS<U+00C3>O | GRAU 0"
"data/raw/ensaio_bancada_alunos (2).xlsx","COMPARATIVO",11,"K","sim","mixed_or_text",12,7,3,"OXIDA<U+00C7><U+00C3>O NA M<U+00C1>QUINA | sim | n<U+00E3>o"
"data/raw/ensaio_bancada_alunos (2).xlsx","COMPARATIVO",12,"L","sim","mixed_or_text",13,6,4,"MICROBIOLOGIA | FUNGOS | sim"
"data/raw/ensaio_bancada_alunos (2).xlsx","COMPARATIVO",13,"M","n<U+00E3>o","mixed_or_text",12,7,2,"BACTERIAS | n<U+00E3>o"
"data/raw/ensaio_bancada_alunos (2).xlsx","COMPARATIVO",14,"N","0.108","mixed_or_text",13,6,13,"CONCENTRICIDADE (Tolerancia +- 0,1) | COND1 | 0.108"
"data/raw/ensaio_bancada_alunos (2).xlsx","COMPARATIVO",15,"O","9.1999999999999998E-2","mixed_or_text",12,7,12,"COND2 | 9.1999999999999998E-2 | 5.1999999999999998E-2"
"data/raw/ensaio_bancada_alunos (2).xlsx","COMPARATIVO",16,"P","5.5300000000000002E-2","mixed_or_text",13,6,13,"COND3 | 5.5300000000000002E-2 | 4.7800000000000002E-2"
"data/raw/ensaio_bancada_alunos (2).xlsx","COMPARATIVO",17,"Q","3.9899999999999998E-2","mixed_or_text",12,7,12,"COND4 | 3.9899999999999998E-2 | 5.45E-2"
"data/raw/ensaio_bancada_alunos (2).xlsx","COMPARATIVO",18,"R","8.2299999999999998E-2","mixed_or_text",13,6,13,"CIRCULARIDADE (Tolerancia +- 0,1) | COND1 | 8.2299999999999998E-2"
"data/raw/ensaio_bancada_alunos (2).xlsx","COMPARATIVO",19,"S","0.104","mixed_or_text",12,7,12,"COND2 | 0.104 | 1.37E-2"
"data/raw/ensaio_bancada_alunos (2).xlsx","COMPARATIVO",20,"T","1.6199999999999999E-2","mixed_or_text",12,7,11,"COND3 | 1.6199999999999999E-2 | 4.3700000000000003E-2"
"data/raw/ensaio_bancada_alunos (2).xlsx","COMPARATIVO",21,"U","1.7000000000000001E-2","mixed_or_text",12,7,11,"COND4 | 1.7000000000000001E-2 | 1.4999999999999999E-2"
"data/raw/ensaio_bancada_alunos (2).xlsx","COMPARATIVO",22,"V","2.5","mixed_or_text",13,6,11,"POTENCIA | COND1 | 2.5"
"data/raw/ensaio_bancada_alunos (2).xlsx","COMPARATIVO",23,"W","3","mixed_or_text",12,7,10,"COND2 | 3 | 2.2599999999999998"
"data/raw/ensaio_bancada_alunos (2).xlsx","COMPARATIVO",24,"X","4","mixed_or_text",12,7,11,"COND3 | 4 | 5"
"data/raw/ensaio_bancada_alunos (2).xlsx","COMPARATIVO",25,"Y","5","mixed_or_text",12,7,9,"COND4 | 5 | 3.5"
"data/raw/ensaio_bancada_alunos (2).xlsx","COMPARATIVO",26,"Z","baixa","mixed_or_text",12,7,4,"RESISTENCIA A DEGRADA<U+00C7><U+00C3>O | baixa | resistente"
"data/raw/ensaio_bancada_alunos (2).xlsx","COMPARATIVO",27,"AA","Isento","mixed_or_text",12,7,4,"*ITENS RESTRITIVOS NA COMPOSI<U+00C7><U+00C3>O DOS FLUIDOS | Isento | P e S como EP"
"data/raw/ensaio_bancada_alunos (2).xlsx","COMPARATIVO",28,"AB","850","mixed_or_text",12,7,11,"S<U+00F3>LIDOS SUSPENSOS | 850 | 1 kg"
"data/raw/ensaio_bancada_alunos (2).xlsx","COMPARATIVO",29,"AC","28.71","mixed_or_text",12,7,12,"TENS<U+00C3>O SUPERFICIAL (M/N) | 28.71 | 28.34"
"data/raw/ensaio_bancada_alunos (2).xlsx","COMPARATIVO",30,"AD","9.4700000000000006","mixed_or_text",12,7,12,"pH (5%) | 9.4700000000000006 | 9.41"
"data/raw/ensaio_bancada_alunos (2).xlsx","COMPARATIVO",31,"AE","7.9","mixed_or_text",12,7,11,"Concen-tra<U+00E7><U+00E3>o m<U+00E9>dia | 7.9 | 7.3"
"data/raw/ensaio_bancada_alunos (2).xlsx","COMPARATIVO",32,"AF","1","mixed_or_text",12,7,5,"INDICE DE REFRA-<U+00C7><U+00C3>O | 1 | 1.1000000000000001"
"data/raw/ensaio_bancada_alunos (2).xlsx","AVALIA<U+00C7><U+00C3>O ECON<U+00D4>MICA",1,"A","FLUIDO:","mixed_or_text",44,2,43,"AVALIAC<U+00C3>O ECON<U+00D4>MICA | DEMONSTRATIVO DOS C<U+00C1>LCULOS | DADOS B<U+00C1>SICOS"
"data/raw/ensaio_bancada_alunos (2).xlsx","AVALIA<U+00C7><U+00C3>O ECON<U+00D4>MICA",2,"B",,"mixed_or_text",4,42,4,"Corpo de prova | Ferro Fundido Cinzento | ROMI"
"data/raw/ensaio_bancada_alunos (2).xlsx","AVALIA<U+00C7><U+00C3>O ECON<U+00D4>MICA",3,"C","A","mixed_or_text",3,43,3,"2 velocidades e 95, 2 de 120, avan<U+00E7>o 0,2 e 0,3 mm | A | Semi sint<U+00E9>tico"
"data/raw/ensaio_bancada_alunos (2).xlsx","AVALIA<U+00C7><U+00C3>O ECON<U+00D4>MICA",4,"D",,"all_blank",0,46,0,""
"data/raw/ensaio_bancada_alunos (2).xlsx","AVALIA<U+00C7><U+00C3>O ECON<U+00D4>MICA",5,"E",,"mixed_or_text",28,18,23,"300 | 7.9000000000000001E-2 | A"
"data/raw/ensaio_bancada_alunos (2).xlsx","AVALIA<U+00C7><U+00C3>O ECON<U+00D4>MICA",6,"F","FLUIDO:","mixed_or_text",3,43,3,"FLUIDO: | TIPO: | OBSERVA<U+00C7><U+00D5>ES:"
"data/raw/ensaio_bancada_alunos (2).xlsx","AVALIA<U+00C7><U+00C3>O ECON<U+00D4>MICA",7,"G",,"all_blank",0,46,0,""
"data/raw/ensaio_bancada_alunos (2).xlsx","AVALIA<U+00C7><U+00C3>O ECON<U+00D4>MICA",8,"H","M","mixed_or_text",30,16,24,"M | Semi sint<U+00E9>tico | 300"
"data/raw/ensaio_bancada_alunos (2).xlsx","AVALIA<U+00C7><U+00C3>O ECON<U+00D4>MICA",9,"I",,"all_blank",0,46,0,""
"data/raw/ensaio_bancada_alunos (2).xlsx","AVALIA<U+00C7><U+00C3>O ECON<U+00D4>MICA",10,"J",,"all_blank",0,46,0,""
"data/raw/ensaio_bancada_alunos (2).xlsx","AVALIA<U+00C7><U+00C3>O ECON<U+00D4>MICA",11,"K","B","mixed_or_text",30,16,24,"B | Semi sint<U+00E9>tico | 300"
"data/raw/ensaio_bancada_alunos (2).xlsx","AVALIA<U+00C7><U+00C3>O ECON<U+00D4>MICA",12,"L",,"all_blank",0,46,0,""
"data/raw/ensaio_bancada_alunos (2).xlsx","AVALIA<U+00C7><U+00C3>O ECON<U+00D4>MICA",13,"M",,"all_blank",0,46,0,""
"data/raw/ensaio_bancada_alunos (2).xlsx","AVALIA<U+00C7><U+00C3>O ECON<U+00D4>MICA",14,"N","C","mixed_or_text",30,16,24,"C | Semi sint<U+00E9>tico | 300"
"data/raw/ensaio_bancada_alunos (2).xlsx","AVALIA<U+00C7><U+00C3>O ECON<U+00D4>MICA",15,"O",,"all_blank",0,46,0,""
"data/raw/ensaio_bancada_alunos (2).xlsx","AVALIA<U+00C7><U+00C3>O ECON<U+00D4>MICA",16,"P",,"all_blank",0,46,0,""
"data/raw/ensaio_bancada_alunos (2).xlsx","AVALIA<U+00C7><U+00C3>O ECON<U+00D4>MICA",17,"Q","D","mixed_or_text",30,16,27,"D | Semi-sintetico (mineral) | 300"
"data/raw/ensaio_bancada_alunos (2).xlsx","AVALIA<U+00C7><U+00C3>O ECON<U+00D4>MICA",18,"R",,"all_blank",0,46,0,""
"data/raw/ensaio_bancada_alunos (2).xlsx","AVALIA<U+00C7><U+00C3>O ECON<U+00D4>MICA",19,"S",,"all_blank",0,46,0,""
"data/raw/ensaio_bancada_alunos (2).xlsx","AVALIA<U+00C7><U+00C3>O ECON<U+00D4>MICA",20,"T","E","mixed_or_text",30,16,28,"E | Vegetal canola | 300"
"data/raw/ensaio_bancada_alunos (2).xlsx","AVALIA<U+00C7><U+00C3>O ECON<U+00D4>MICA",21,"U",,"all_blank",0,46,0,""
"data/raw/ensaio_bancada_alunos (2).xlsx","AVALIA<U+00C7><U+00C3>O ECON<U+00D4>MICA",22,"V",,"all_blank",0,46,0,""
"data/raw/ensaio_bancada_alunos (2).xlsx","AVALIA<U+00C7><U+00C3>O ECON<U+00D4>MICA",23,"W","F","mixed_or_text",30,16,28,"F | Semi sint<U+00E9>tico (mineral) | 300"
"data/raw/ensaio_bancada_alunos (2).xlsx","AVALIA<U+00C7><U+00C3>O ECON<U+00D4>MICA",24,"X",,"all_blank",0,46,0,""
"data/raw/ensaio_bancada_alunos (2).xlsx","AVALIA<U+00C7><U+00C3>O ECON<U+00D4>MICA",25,"Y",,"all_blank",0,46,0,""
"data/raw/ensaio_bancada_alunos (2).xlsx","AVALIA<U+00C7><U+00C3>O ECON<U+00D4>MICA",26,"Z","G","mixed_or_text",30,16,28,"G | Sint<U+00E9>tico - Base ester | 300"
"data/raw/ensaio_bancada_alunos (2).xlsx","AVALIA<U+00C7><U+00C3>O ECON<U+00D4>MICA",27,"AA",,"all_blank",0,46,0,""
"data/raw/ensaio_bancada_alunos (2).xlsx","AVALIA<U+00C7><U+00C3>O ECON<U+00D4>MICA",28,"AB",,"all_blank",0,46,0,""
"data/raw/ensaio_bancada_alunos (2).xlsx","AVALIA<U+00C7><U+00C3>O ECON<U+00D4>MICA",29,"AC","H","mixed_or_text",30,16,28,"H | Semi sint<U+00E9>tico (mineral) | 300"
"data/raw/ensaio_bancada_alunos (2).xlsx","AVALIA<U+00C7><U+00C3>O ECON<U+00D4>MICA",30,"AD",,"all_blank",0,46,0,""
"data/raw/ensaio_bancada_alunos (2).xlsx","AVALIA<U+00C7><U+00C3>O ECON<U+00D4>MICA",31,"AE",,"all_blank",0,46,0,""
"data/raw/ensaio_bancada_alunos (2).xlsx","AVALIA<U+00C7><U+00C3>O ECON<U+00D4>MICA",32,"AF","J","mixed_or_text",22,24,16,"J | Semi sint<U+00E9>tico (Mamona) | 300"
"data/raw/ensaio_bancada_alunos (2).xlsx","AVALIA<U+00C7><U+00C3>O ECON<U+00D4>MICA",33,"AG",,"all_blank",0,46,0,""
"data/raw/ensaio_bancada_alunos (2).xlsx","AVALIA<U+00C7><U+00C3>O ECON<U+00D4>MICA",34,"AH",,"all_blank",0,46,0,""
"data/raw/ensaio_bancada_alunos (2).xlsx","AVALIA<U+00C7><U+00C3>O ECON<U+00D4>MICA",35,"AI","K","mixed_or_text",23,23,19,"K | Semi sint<U+00E9>tico (mineral) | 300"
